FREQ,REF_AREA,UNIT_MEASURE,UNIT_MULT,TIME_FORMAT,BREAKS,COVERAGE,DECIMALS,TITLE_TS,TIME_PERIOD,OBS_VALUE,OBS_CONF,OBS_PRE_BREAK,OBS_STATUS
M,JP,628,0,,,,,,1946-08,2.84014,F,,A
M,JP,628,0,,,,,,1946-09,2.575713,F,,A
M,JP,628,0,,,,,,1946-10,2.419016,F,,A
M,JP,628,0,,,,,,1946-11,2.379841,F,,A
M,JP,628,0,,,,,,1946-12,2.732411,F,,A
M,JP,628,0,,,,,,1947-01,3.08498,F,,A
M,JP,628,0,,,,,,1947-02,3.427755,F,,A
M,JP,628,0,,,,,,1947-03,3.790118,F,,A
M,JP,628,0,,,,,,1947-04,3.966402,F,,A
M,JP,628,0,,,,,,1947-05,4.671541,F,,A
M,JP,628,0,,,,,,1947-06,5.43544,F,,A
M,JP,628,0,,,,,,1947-07,6.463767,F,,A
M,JP,628,0,,,,,,1947-08,6.845717,F,,A
M,JP,628,0,,,,,,1947-09,7.276635,F,,A
M,JP,628,0,,,,,,1947-10,6.992621,F,,A
M,JP,628,0,,,,,,1947-11,6.992621,F,,A
M,JP,628,0,,,,,,1947-12,7.658585,F,,A
M,JP,628,0,,,,,,1948-01,7.668378,F,,A
M,JP,628,0,,,,,,1948-02,8.255993,F,,A
M,JP,628,0,,,,,,1948-03,8.824021,F,,A
M,JP,628,0,,,,,,1948-04,9.019893,F,,A
M,JP,628,0,,,,,,1948-05,9.372462,F,,A
M,JP,628,0,,,,,,1948-06,9.55854,F,,A
M,JP,628,0,,,,,,1948-07,10.479137,F,,A
M,JP,628,0,,,,,,1948-08,11.654368,F,,A
M,JP,628,0,,,,,,1948-09,11.654368,F,,A
M,JP,628,0,,,,,,1948-10,11.262624,F,,A
M,JP,628,0,,,,,,1948-11,11.752304,F,,A
M,JP,628,0,,,,,,1948-12,12.339919,F,,A
M,JP,628,0,,,,,,1949-01,12.927534,F,,A
M,JP,628,0,,,,,,1949-02,13.221342,F,,A
M,JP,628,0,,,,,,1949-03,13.613085,F,,A
M,JP,628,0,,,,,,1949-04,13.711021,F,,A
M,JP,628,0,,,,,,1949-05,13.906893,F,,A
M,JP,628,0,,,,,,1949-06,13.417213,F,,A
M,JP,628,0,,,,,,1949-07,13.711021,F,,A
M,JP,628,0,,,,,,1949-08,13.711021,F,,A
M,JP,628,0,,,,,,1949-09,13.613085,F,,A
M,JP,628,0,,,,,,1949-10,13.221342,F,,A
M,JP,628,0,,,,,,1949-11,12.731662,F,,A
M,JP,628,0,,,,,,1949-12,13.02547,F,,A
M,JP,628,0,,,,,,1950-01,13.221342,F,,A
M,JP,628,0,,,,,,1950-02,12.633726,F,,A
M,JP,628,0,,,,,,1950-03,12.339919,F,,A
M,JP,628,0,,,,,,1950-04,12.144047,F,,A
M,JP,628,0,,,,,,1950-05,12.339919,F,,A
M,JP,628,0,,,,,,1950-06,12.046111,F,,A
M,JP,628,0,,,,,,1950-07,12.339919,F,,A
M,JP,628,0,,,,,,1950-08,12.633726,F,,A
M,JP,628,0,,,,,,1950-09,12.633726,F,,A
M,JP,628,0,,,,,,1950-10,12.339919,F,,A
M,JP,628,0,,,,,,1950-11,12.339919,F,,A
M,JP,628,0,,,,,,1950-12,12.927534,F,,A
M,JP,628,0,,,,,,1951-01,13.613085,F,,A
M,JP,628,0,,,,,,1951-02,14.2007,F,,A
M,JP,628,0,,,,,,1951-03,14.494508,F,,A
M,JP,628,0,,,,,,1951-04,14.592444,F,,A
M,JP,628,0,,,,,,1951-05,14.494508,F,,A
M,JP,628,0,,,,,,1951-06,14.396572,F,,A
M,JP,628,0,,,,,,1951-07,14.396572,F,,A
M,JP,628,0,,,,,,1951-08,15.082123,F,,A
M,JP,628,0,,,,,,1951-09,15.180059,F,,A
M,JP,628,0,,,,,,1951-10,15.375931,F,,A
M,JP,628,0,,,,,,1951-11,15.375931,F,,A
M,JP,628,0,,,,,,1951-12,15.375931,F,,A
M,JP,628,0,,,,,,1952-01,15.473866,F,,A
M,JP,628,0,,,,,,1952-02,15.375931,F,,A
M,JP,628,0,,,,,,1952-03,15.375931,F,,A
M,JP,628,0,,,,,,1952-04,15.473866,F,,A
M,JP,628,0,,,,,,1952-05,15.277995,F,,A
M,JP,628,0,,,,,,1952-06,15.375931,F,,A
M,JP,628,0,,,,,,1952-07,15.571802,F,,A
M,JP,628,0,,,,,,1952-08,15.571802,F,,A
M,JP,628,0,,,,,,1952-09,15.571802,F,,A
M,JP,628,0,,,,,,1952-10,15.571802,F,,A
M,JP,628,0,,,,,,1952-11,15.473866,F,,A
M,JP,628,0,,,,,,1952-12,15.375931,F,,A
M,JP,628,0,,,,,,1953-01,15.767674,F,,A
M,JP,628,0,,,,,,1953-02,15.963546,F,,A
M,JP,628,0,,,,,,1953-03,15.963546,F,,A
M,JP,628,0,,,,,,1953-04,16.061482,F,,A
M,JP,628,0,,,,,,1953-05,15.963546,F,,A
M,JP,628,0,,,,,,1953-06,16.159418,F,,A
M,JP,628,0,,,,,,1953-07,16.551161,F,,A
M,JP,628,0,,,,,,1953-08,16.747033,F,,A
M,JP,628,0,,,,,,1953-09,16.747033,F,,A
M,JP,628,0,,,,,,1953-10,17.236712,F,,A
M,JP,628,0,,,,,,1953-11,17.04084,F,,A
M,JP,628,0,,,,,,1953-12,17.04084,F,,A
M,JP,628,0,,,,,,1954-01,17.334648,F,,A
M,JP,628,0,,,,,,1954-02,17.53052,F,,A
M,JP,628,0,,,,,,1954-03,17.53052,F,,A
M,JP,628,0,,,,,,1954-04,17.628455,F,,A
M,JP,628,0,,,,,,1954-05,17.432584,F,,A
M,JP,628,0,,,,,,1954-06,17.628455,F,,A
M,JP,628,0,,,,,,1954-07,17.726391,F,,A
M,JP,628,0,,,,,,1954-08,17.726391,F,,A
M,JP,628,0,,,,,,1954-09,17.628455,F,,A
M,JP,628,0,,,,,,1954-10,17.824327,F,,A
M,JP,628,0,,,,,,1954-11,17.432584,F,,A
M,JP,628,0,,,,,,1954-12,17.334648,F,,A
M,JP,628,0,,,,,,1955-01,17.53052,F,,A
M,JP,628,0,,,,,,1955-02,17.53052,F,,A
M,JP,628,0,,,,,,1955-03,17.334648,F,,A
M,JP,628,0,,,,,,1955-04,17.53052,F,,A
M,JP,628,0,,,,,,1955-05,17.334648,F,,A
M,JP,628,0,,,,,,1955-06,17.334648,F,,A
M,JP,628,0,,,,,,1955-07,17.236712,F,,A
M,JP,628,0,,,,,,1955-08,17.334648,F,,A
M,JP,628,0,,,,,,1955-09,17.53052,F,,A
M,JP,628,0,,,,,,1955-10,17.53052,F,,A
M,JP,628,0,,,,,,1955-11,17.138776,F,,A
M,JP,628,0,,,,,,1955-12,17.04084,F,,A
M,JP,628,0,,,,,,1956-01,17.138776,F,,A
M,JP,628,0,,,,,,1956-02,17.334648,F,,A
M,JP,628,0,,,,,,1956-03,17.334648,F,,A
M,JP,628,0,,,,,,1956-04,17.432584,F,,A
M,JP,628,0,,,,,,1956-05,17.334648,F,,A
M,JP,628,0,,,,,,1956-06,17.628455,F,,A
M,JP,628,0,,,,,,1956-07,17.334648,F,,A
M,JP,628,0,,,,,,1956-08,17.432584,F,,A
M,JP,628,0,,,,,,1956-09,17.53052,F,,A
M,JP,628,0,,,,,,1956-10,17.628455,F,,A
M,JP,628,0,,,,,,1956-11,17.334648,F,,A
M,JP,628,0,,,,,,1956-12,17.53052,F,,A
M,JP,628,0,,,,,,1957-01,17.726391,F,,A
M,JP,628,0,,,,,,1957-02,17.726391,F,,A
M,JP,628,0,,,,,,1957-03,17.726391,F,,A
M,JP,628,0,,,,,,1957-04,17.824327,F,,A
M,JP,628,0,,,,,,1957-05,18.020199,F,,A
M,JP,628,0,,,,,,1957-06,17.922263,F,,A
M,JP,628,0,,,,,,1957-07,18.118135,F,,A
M,JP,628,0,,,,,,1957-08,18.216071,F,,A
M,JP,628,0,,,,,,1957-09,18.118135,F,,A
M,JP,628,0,,,,,,1957-10,18.118135,F,,A
M,JP,628,0,,,,,,1957-11,17.824327,F,,A
M,JP,628,0,,,,,,1957-12,17.824327,F,,A
M,JP,628,0,,,,,,1958-01,17.824327,F,,A
M,JP,628,0,,,,,,1958-02,17.726391,F,,A
M,JP,628,0,,,,,,1958-03,17.628455,F,,A
M,JP,628,0,,,,,,1958-04,17.726391,F,,A
M,JP,628,0,,,,,,1958-05,17.726391,F,,A
M,JP,628,0,,,,,,1958-06,17.922263,F,,A
M,JP,628,0,,,,,,1958-07,17.824327,F,,A
M,JP,628,0,,,,,,1958-08,18.020199,F,,A
M,JP,628,0,,,,,,1958-09,17.922263,F,,A
M,JP,628,0,,,,,,1958-10,18.118135,F,,A
M,JP,628,0,,,,,,1958-11,17.922263,F,,A
M,JP,628,0,,,,,,1958-12,17.824327,F,,A
M,JP,628,0,,,,,,1959-01,17.922263,F,,A
M,JP,628,0,,,,,,1959-02,17.824327,F,,A
M,JP,628,0,,,,,,1959-03,17.824327,F,,A
M,JP,628,0,,,,,,1959-04,18.020199,F,,A
M,JP,628,0,,,,,,1959-05,17.824327,F,,A
M,JP,628,0,,,,,,1959-06,18.020199,F,,A
M,JP,628,0,,,,,,1959-07,18.020199,F,,A
M,JP,628,0,,,,,,1959-08,18.216071,F,,A
M,JP,628,0,,,,,,1959-09,18.118135,F,,A
M,JP,628,0,,,,,,1959-10,18.314007,F,,A
M,JP,628,0,,,,,,1959-11,18.216071,F,,A
M,JP,628,0,,,,,,1959-12,18.216071,F,,A
M,JP,628,0,,,,,,1960-01,18.509878,F,,A
M,JP,628,0,,,,,,1960-02,18.509878,F,,A
M,JP,628,0,,,,,,1960-03,18.509878,F,,A
M,JP,628,0,,,,,,1960-04,18.607814,F,,A
M,JP,628,0,,,,,,1960-05,18.70575,F,,A
M,JP,628,0,,,,,,1960-06,18.70575,F,,A
M,JP,628,0,,,,,,1960-07,18.70575,F,,A
M,JP,628,0,,,,,,1960-08,18.70575,F,,A
M,JP,628,0,,,,,,1960-09,18.901622,F,,A
M,JP,628,0,,,,,,1960-10,18.999558,F,,A
M,JP,628,0,,,,,,1960-11,18.70575,F,,A
M,JP,628,0,,,,,,1960-12,18.901622,F,,A
M,JP,628,0,,,,,,1961-01,19.195429,F,,A
M,JP,628,0,,,,,,1961-02,19.293365,F,,A
M,JP,628,0,,,,,,1961-03,19.293365,F,,A
M,JP,628,0,,,,,,1961-04,19.391301,F,,A
M,JP,628,0,,,,,,1961-05,19.391301,F,,A
M,JP,628,0,,,,,,1961-06,19.391301,F,,A
M,JP,628,0,,,,,,1961-07,19.685109,F,,A
M,JP,628,0,,,,,,1961-08,19.783045,F,,A
M,JP,628,0,,,,,,1961-09,19.88098,F,,A
M,JP,628,0,,,,,,1961-10,20.37066,F,,A
M,JP,628,0,,,,,,1961-11,20.468596,F,,A
M,JP,628,0,,,,,,1961-12,20.566531,F,,A
M,JP,628,0,,,,,,1962-01,20.664467,F,,A
M,JP,628,0,,,,,,1962-02,20.566531,F,,A
M,JP,628,0,,,,,,1962-03,20.664467,F,,A
M,JP,628,0,,,,,,1962-04,20.958275,F,,A
M,JP,628,0,,,,,,1962-05,21.056211,F,,A
M,JP,628,0,,,,,,1962-06,20.958275,F,,A
M,JP,628,0,,,,,,1962-07,21.252082,F,,A
M,JP,628,0,,,,,,1962-08,21.252082,F,,A
M,JP,628,0,,,,,,1962-09,21.154147,F,,A
M,JP,628,0,,,,,,1962-10,21.252082,F,,A
M,JP,628,0,,,,,,1962-11,21.252082,F,,A
M,JP,628,0,,,,,,1962-12,21.643826,F,,A
M,JP,628,0,,,,,,1963-01,22.231441,F,,A
M,JP,628,0,,,,,,1963-02,22.329377,F,,A
M,JP,628,0,,,,,,1963-03,22.427313,F,,A
M,JP,628,0,,,,,,1963-04,22.427313,F,,A
M,JP,628,0,,,,,,1963-05,22.623185,F,,A
M,JP,628,0,,,,,,1963-06,22.819056,F,,A
M,JP,628,0,,,,,,1963-07,22.623185,F,,A
M,JP,628,0,,,,,,1963-08,22.525249,F,,A
M,JP,628,0,,,,,,1963-09,23.014928,F,,A
M,JP,628,0,,,,,,1963-10,23.014928,F,,A
M,JP,628,0,,,,,,1963-11,22.916992,F,,A
M,JP,628,0,,,,,,1963-12,23.014928,F,,A
M,JP,628,0,,,,,,1964-01,23.014928,F,,A
M,JP,628,0,,,,,,1964-02,23.014928,F,,A
M,JP,628,0,,,,,,1964-03,23.014928,F,,A
M,JP,628,0,,,,,,1964-04,23.308736,F,,A
M,JP,628,0,,,,,,1964-05,23.406671,F,,A
M,JP,628,0,,,,,,1964-06,23.308736,F,,A
M,JP,628,0,,,,,,1964-07,23.308736,F,,A
M,JP,628,0,,,,,,1964-08,23.504607,F,,A
M,JP,628,0,,,,,,1964-09,23.798415,F,,A
M,JP,628,0,,,,,,1964-10,24.190158,F,,A
M,JP,628,0,,,,,,1964-11,24.092223,F,,A
M,JP,628,0,,,,,,1964-12,24.092223,F,,A
M,JP,628,0,,,,,,1965-01,24.581902,F,,A
M,JP,628,0,,,,,,1965-02,24.483966,F,,A
M,JP,628,0,,,,,,1965-03,24.679838,F,,A
M,JP,628,0,,,,,,1965-04,25.169517,F,,A
M,JP,628,0,,,,,,1965-05,25.071581,F,,A
M,JP,628,0,,,,,,1965-06,24.973645,F,,A
M,JP,628,0,,,,,,1965-07,24.875709,F,,A
M,JP,628,0,,,,,,1965-08,24.973645,F,,A
M,JP,628,0,,,,,,1965-09,25.365389,F,,A
M,JP,628,0,,,,,,1965-10,25.659196,F,,A
M,JP,628,0,,,,,,1965-11,25.463325,F,,A
M,JP,628,0,,,,,,1965-12,25.56126,F,,A
M,JP,628,0,,,,,,1966-01,25.855068,F,,A
M,JP,628,0,,,,,,1966-02,26.05094,F,,A
M,JP,628,0,,,,,,1966-03,26.05094,F,,A
M,JP,628,0,,,,,,1966-04,26.442683,F,,A
M,JP,628,0,,,,,,1966-05,26.246812,F,,A
M,JP,628,0,,,,,,1966-06,26.246812,F,,A
M,JP,628,0,,,,,,1966-07,26.344747,F,,A
M,JP,628,0,,,,,,1966-08,26.148876,F,,A
M,JP,628,0,,,,,,1966-09,26.540619,F,,A
M,JP,628,0,,,,,,1966-10,26.736491,F,,A
M,JP,628,0,,,,,,1966-11,26.442683,F,,A
M,JP,628,0,,,,,,1966-12,26.736491,F,,A
M,JP,628,0,,,,,,1967-01,27.030298,F,,A
M,JP,628,0,,,,,,1967-02,27.128234,F,,A
M,JP,628,0,,,,,,1967-03,27.22617,F,,A
M,JP,628,0,,,,,,1967-04,27.324106,F,,A
M,JP,628,0,,,,,,1967-05,27.030298,F,,A
M,JP,628,0,,,,,,1967-06,26.932363,F,,A
M,JP,628,0,,,,,,1967-07,26.932363,F,,A
M,JP,628,0,,,,,,1967-08,27.128234,F,,A
M,JP,628,0,,,,,,1967-09,27.617914,F,,A
M,JP,628,0,,,,,,1967-10,28.009657,F,,A
M,JP,628,0,,,,,,1967-11,27.911721,F,,A
M,JP,628,0,,,,,,1967-12,28.205529,F,,A
M,JP,628,0,,,,,,1968-01,28.499336,F,,A
M,JP,628,0,,,,,,1968-02,28.597272,F,,A
M,JP,628,0,,,,,,1968-03,28.597272,F,,A
M,JP,628,0,,,,,,1968-04,28.695208,F,,A
M,JP,628,0,,,,,,1968-05,28.695208,F,,A
M,JP,628,0,,,,,,1968-06,28.499336,F,,A
M,JP,628,0,,,,,,1968-07,28.499336,F,,A
M,JP,628,0,,,,,,1968-08,28.695208,F,,A
M,JP,628,0,,,,,,1968-09,29.380759,F,,A
M,JP,628,0,,,,,,1968-10,29.380759,F,,A
M,JP,628,0,,,,,,1968-11,29.478695,F,,A
M,JP,628,0,,,,,,1968-12,29.282823,F,,A
M,JP,628,0,,,,,,1969-01,29.478695,F,,A
M,JP,628,0,,,,,,1969-02,29.478695,F,,A
M,JP,628,0,,,,,,1969-03,29.772503,F,,A
M,JP,628,0,,,,,,1969-04,29.968374,F,,A
M,JP,628,0,,,,,,1969-05,30.06631,F,,A
M,JP,628,0,,,,,,1969-06,30.06631,F,,A
M,JP,628,0,,,,,,1969-07,30.458054,F,,A
M,JP,628,0,,,,,,1969-08,30.751861,F,,A
M,JP,628,0,,,,,,1969-09,31.045669,F,,A
M,JP,628,0,,,,,,1969-10,31.143605,F,,A
M,JP,628,0,,,,,,1969-11,31.045669,F,,A
M,JP,628,0,,,,,,1969-12,31.241541,F,,A
M,JP,628,0,,,,,,1970-01,31.956407,F,,A
M,JP,628,0,,,,,,1970-02,31.956407,F,,A
M,JP,628,0,,,,,,1970-03,32.272807,F,,A
M,JP,628,0,,,,,,1970-04,32.589207,F,,A
M,JP,628,0,,,,,,1970-05,32.483741,F,,A
M,JP,628,0,,,,,,1970-06,32.483741,F,,A
M,JP,628,0,,,,,,1970-07,32.483741,F,,A
M,JP,628,0,,,,,,1970-08,32.378274,F,,A
M,JP,628,0,,,,,,1970-09,32.905607,F,,A
M,JP,628,0,,,,,,1970-10,33.432941,F,,A
M,JP,628,0,,,,,,1970-11,33.432941,F,,A
M,JP,628,0,,,,,,1970-12,33.643874,F,,A
M,JP,628,0,,,,,,1971-01,33.960274,F,,A
M,JP,628,0,,,,,,1971-02,33.960274,F,,A
M,JP,628,0,,,,,,1971-03,34.065741,F,,A
M,JP,628,0,,,,,,1971-04,34.487608,F,,A
M,JP,628,0,,,,,,1971-05,34.593074,F,,A
M,JP,628,0,,,,,,1971-06,34.698541,F,,A
M,JP,628,0,,,,,,1971-07,34.698541,F,,A
M,JP,628,0,,,,,,1971-08,34.698541,F,,A
M,JP,628,0,,,,,,1971-09,35.542275,F,,A
M,JP,628,0,,,,,,1971-10,35.647741,F,,A
M,JP,628,0,,,,,,1971-11,35.331341,F,,A
M,JP,628,0,,,,,,1971-12,35.331341,F,,A
M,JP,628,0,,,,,,1972-01,35.331341,F,,A
M,JP,628,0,,,,,,1972-02,35.542275,F,,A
M,JP,628,0,,,,,,1972-03,35.858675,F,,A
M,JP,628,0,,,,,,1972-04,36.280541,F,,A
M,JP,628,0,,,,,,1972-05,36.386008,F,,A
M,JP,628,0,,,,,,1972-06,36.386008,F,,A
M,JP,628,0,,,,,,1972-07,36.386008,F,,A
M,JP,628,0,,,,,,1972-08,36.702408,F,,A
M,JP,628,0,,,,,,1972-09,36.913342,F,,A
M,JP,628,0,,,,,,1972-10,37.124275,F,,A
M,JP,628,0,,,,,,1972-11,37.018808,F,,A
M,JP,628,0,,,,,,1972-12,37.335208,F,,A
M,JP,628,0,,,,,,1973-01,37.651608,F,,A
M,JP,628,0,,,,,,1973-02,37.968008,F,,A
M,JP,628,0,,,,,,1973-03,38.917209,F,,A
M,JP,628,0,,,,,,1973-04,39.655475,F,,A
M,JP,628,0,,,,,,1973-05,40.288276,F,,A
M,JP,628,0,,,,,,1973-06,40.393742,F,,A
M,JP,628,0,,,,,,1973-07,40.710142,F,,A
M,JP,628,0,,,,,,1973-08,41.026542,F,,A
M,JP,628,0,,,,,,1973-09,42.186676,F,,A
M,JP,628,0,,,,,,1973-10,42.397609,F,,A
M,JP,628,0,,,,,,1973-11,42.714009,F,,A
M,JP,628,0,,,,,,1973-12,44.085076,F,,A
M,JP,628,0,,,,,,1974-01,45.983477,F,,A
M,JP,628,0,,,,,,1974-02,47.460011,F,,A
M,JP,628,0,,,,,,1974-03,47.776411,F,,A
M,JP,628,0,,,,,,1974-04,48.936544,F,,A
M,JP,628,0,,,,,,1974-05,49.147478,F,,A
M,JP,628,0,,,,,,1974-06,49.463878,F,,A
M,JP,628,0,,,,,,1974-07,50.413078,F,,A
M,JP,628,0,,,,,,1974-08,50.940411,F,,A
M,JP,628,0,,,,,,1974-09,51.678678,F,,A
M,JP,628,0,,,,,,1974-10,52.838812,F,,A
M,JP,628,0,,,,,,1974-11,53.260679,F,,A
M,JP,628,0,,,,,,1974-12,53.366145,F,,A
M,JP,628,0,,,,,,1975-01,53.998945,F,,A
M,JP,628,0,,,,,,1975-02,54.104412,F,,A
M,JP,628,0,,,,,,1975-03,54.526279,F,,A
M,JP,628,0,,,,,,1975-04,55.475479,F,,A
M,JP,628,0,,,,,,1975-05,55.791879,F,,A
M,JP,628,0,,,,,,1975-06,55.791879,F,,A
M,JP,628,0,,,,,,1975-07,56.002812,F,,A
M,JP,628,0,,,,,,1975-08,55.791879,F,,A
M,JP,628,0,,,,,,1975-09,57.057479,F,,A
M,JP,628,0,,,,,,1975-10,57.901213,F,,A
M,JP,628,0,,,,,,1975-11,57.690279,F,,A
M,JP,628,0,,,,,,1975-12,57.690279,F,,A
M,JP,628,0,,,,,,1976-01,58.744946,F,,A
M,JP,628,0,,,,,,1976-02,59.166813,F,,A
M,JP,628,0,,,,,,1976-03,59.377747,F,,A
M,JP,628,0,,,,,,1976-04,60.748814,F,,A
M,JP,628,0,,,,,,1976-05,60.959747,F,,A
M,JP,628,0,,,,,,1976-06,61.065214,F,,A
M,JP,628,0,,,,,,1976-07,61.48708,F,,A
M,JP,628,0,,,,,,1976-08,61.065214,F,,A
M,JP,628,0,,,,,,1976-09,62.647214,F,,A
M,JP,628,0,,,,,,1976-10,62.963614,F,,A
M,JP,628,0,,,,,,1976-11,62.963614,F,,A
M,JP,628,0,,,,,,1976-12,63.701881,F,,A
M,JP,628,0,,,,,,1977-01,64.229214,F,,A
M,JP,628,0,,,,,,1977-02,64.651081,F,,A
M,JP,628,0,,,,,,1977-03,64.967481,F,,A
M,JP,628,0,,,,,,1977-04,66.022148,F,,A
M,JP,628,0,,,,,,1977-05,66.654948,F,,A
M,JP,628,0,,,,,,1977-06,66.444015,F,,A
M,JP,628,0,,,,,,1977-07,66.233081,F,,A
M,JP,628,0,,,,,,1977-08,66.338548,F,,A
M,JP,628,0,,,,,,1977-09,67.393215,F,,A
M,JP,628,0,,,,,,1977-10,67.815082,F,,A
M,JP,628,0,,,,,,1977-11,67.076815,F,,A
M,JP,628,0,,,,,,1977-12,66.971348,F,,A
M,JP,628,0,,,,,,1978-01,67.182282,F,,A
M,JP,628,0,,,,,,1978-02,67.604148,F,,A
M,JP,628,0,,,,,,1978-03,68.131482,F,,A
M,JP,628,0,,,,,,1978-04,68.869749,F,,A
M,JP,628,0,,,,,,1978-05,69.291615,F,,A
M,JP,628,0,,,,,,1978-06,68.975215,F,,A
M,JP,628,0,,,,,,1978-07,69.186149,F,,A
M,JP,628,0,,,,,,1978-08,69.397082,F,,A
M,JP,628,0,,,,,,1978-09,70.135349,F,,A
M,JP,628,0,,,,,,1978-10,70.240816,F,,A
M,JP,628,0,,,,,,1978-11,69.608015,F,,A
M,JP,628,0,,,,,,1978-12,69.502549,F,,A
M,JP,628,0,,,,,,1979-01,69.608015,F,,A
M,JP,628,0,,,,,,1979-02,69.397082,F,,A
M,JP,628,0,,,,,,1979-03,70.029882,F,,A
M,JP,628,0,,,,,,1979-04,70.873616,F,,A
M,JP,628,0,,,,,,1979-05,71.506416,F,,A
M,JP,628,0,,,,,,1979-06,71.611883,F,,A
M,JP,628,0,,,,,,1979-07,72.244683,F,,A
M,JP,628,0,,,,,,1979-08,71.506416,F,,A
M,JP,628,0,,,,,,1979-09,72.455616,F,,A
M,JP,628,0,,,,,,1979-10,73.29935,F,,A
M,JP,628,0,,,,,,1979-11,72.98295,F,,A
M,JP,628,0,,,,,,1979-12,73.510283,F,,A
M,JP,628,0,,,,,,1980-01,74.143083,F,,A
M,JP,628,0,,,,,,1980-02,74.775883,F,,A
M,JP,628,0,,,,,,1980-03,75.19775,F,,A
M,JP,628,0,,,,,,1980-04,76.568817,F,,A
M,JP,628,0,,,,,,1980-05,77.201617,F,,A
M,JP,628,0,,,,,,1980-06,77.518017,F,,A
M,JP,628,0,,,,,,1980-07,77.623484,F,,A
M,JP,628,0,,,,,,1980-08,77.412551,F,,A
M,JP,628,0,,,,,,1980-09,78.678151,F,,A
M,JP,628,0,,,,,,1980-10,78.889084,F,,A
M,JP,628,0,,,,,,1980-11,78.994551,F,,A
M,JP,628,0,,,,,,1980-12,78.783618,F,,A
M,JP,628,0,,,,,,1981-01,79.627351,F,,A
M,JP,628,0,,,,,,1981-02,79.521884,F,,A
M,JP,628,0,,,,,,1981-03,79.732818,F,,A
M,JP,628,0,,,,,,1981-04,80.365618,F,,A
M,JP,628,0,,,,,,1981-05,81.103885,F,,A
M,JP,628,0,,,,,,1981-06,81.209351,F,,A
M,JP,628,0,,,,,,1981-07,80.998418,F,,A
M,JP,628,0,,,,,,1981-08,80.682018,F,,A
M,JP,628,0,,,,,,1981-09,81.842152,F,,A
M,JP,628,0,,,,,,1981-10,82.158552,F,,A
M,JP,628,0,,,,,,1981-11,82.053085,F,,A
M,JP,628,0,,,,,,1981-12,82.158552,F,,A
M,JP,628,0,,,,,,1982-01,82.158552,F,,A
M,JP,628,0,,,,,,1982-02,82.053085,F,,A
M,JP,628,0,,,,,,1982-03,82.158552,F,,A
M,JP,628,0,,,,,,1982-04,82.791352,F,,A
M,JP,628,0,,,,,,1982-05,83.107752,F,,A
M,JP,628,0,,,,,,1982-06,83.107752,F,,A
M,JP,628,0,,,,,,1982-07,82.580418,F,,A
M,JP,628,0,,,,,,1982-08,83.213218,F,,A
M,JP,628,0,,,,,,1982-09,84.478819,F,,A
M,JP,628,0,,,,,,1982-10,84.689752,F,,A
M,JP,628,0,,,,,,1982-11,83.951485,F,,A
M,JP,628,0,,,,,,1982-12,83.846019,F,,A
M,JP,628,0,,,,,,1983-01,83.951485,F,,A
M,JP,628,0,,,,,,1983-02,83.635085,F,,A
M,JP,628,0,,,,,,1983-03,84.056952,F,,A
M,JP,628,0,,,,,,1983-04,84.478819,F,,A
M,JP,628,0,,,,,,1983-05,85.322552,F,,A
M,JP,628,0,,,,,,1983-06,84.795219,F,,A
M,JP,628,0,,,,,,1983-07,84.478819,F,,A
M,JP,628,0,,,,,,1983-08,84.267885,F,,A
M,JP,628,0,,,,,,1983-09,85.217086,F,,A
M,JP,628,0,,,,,,1983-10,85.955352,F,,A
M,JP,628,0,,,,,,1983-11,85.533486,F,,A
M,JP,628,0,,,,,,1983-12,85.217086,F,,A
M,JP,628,0,,,,,,1984-01,85.533486,F,,A
M,JP,628,0,,,,,,1984-02,86.060819,F,,A
M,JP,628,0,,,,,,1984-03,86.166286,F,,A
M,JP,628,0,,,,,,1984-04,86.377219,F,,A
M,JP,628,0,,,,,,1984-05,87.010019,F,,A
M,JP,628,0,,,,,,1984-06,86.377219,F,,A
M,JP,628,0,,,,,,1984-07,86.588153,F,,A
M,JP,628,0,,,,,,1984-08,85.849886,F,,A
M,JP,628,0,,,,,,1984-09,87.220953,F,,A
M,JP,628,0,,,,,,1984-10,87.748286,F,,A
M,JP,628,0,,,,,,1984-11,87.326419,F,,A
M,JP,628,0,,,,,,1984-12,87.537353,F,,A
M,JP,628,0,,,,,,1985-01,87.748286,F,,A
M,JP,628,0,,,,,,1985-02,87.431886,F,,A
M,JP,628,0,,,,,,1985-03,87.748286,F,,A
M,JP,628,0,,,,,,1985-04,88.381086,F,,A
M,JP,628,0,,,,,,1985-05,88.486553,F,,A
M,JP,628,0,,,,,,1985-06,88.486553,F,,A
M,JP,628,0,,,,,,1985-07,88.697486,F,,A
M,JP,628,0,,,,,,1985-08,88.486553,F,,A
M,JP,628,0,,,,,,1985-09,88.59202,F,,A
M,JP,628,0,,,,,,1985-10,89.435753,F,,A
M,JP,628,0,,,,,,1985-11,88.697486,F,,A
M,JP,628,0,,,,,,1985-12,88.802953,F,,A
M,JP,628,0,,,,,,1986-01,89.119353,F,,A
M,JP,628,0,,,,,,1986-02,89.013886,F,,A
M,JP,628,0,,,,,,1986-03,88.90842,F,,A
M,JP,628,0,,,,,,1986-04,89.22482,F,,A
M,JP,628,0,,,,,,1986-05,89.435753,F,,A
M,JP,628,0,,,,,,1986-06,89.013886,F,,A
M,JP,628,0,,,,,,1986-07,88.802953,F,,A
M,JP,628,0,,,,,,1986-08,88.59202,F,,A
M,JP,628,0,,,,,,1986-09,89.013886,F,,A
M,JP,628,0,,,,,,1986-10,89.119353,F,,A
M,JP,628,0,,,,,,1986-11,88.697486,F,,A
M,JP,628,0,,,,,,1986-12,88.486553,F,,A
M,JP,628,0,,,,,,1987-01,88.170153,F,,A
M,JP,628,0,,,,,,1987-02,88.170153,F,,A
M,JP,628,0,,,,,,1987-03,88.486553,F,,A
M,JP,628,0,,,,,,1987-04,89.330287,F,,A
M,JP,628,0,,,,,,1987-05,89.435753,F,,A
M,JP,628,0,,,,,,1987-06,89.330287,F,,A
M,JP,628,0,,,,,,1987-07,88.90842,F,,A
M,JP,628,0,,,,,,1987-08,88.90842,F,,A
M,JP,628,0,,,,,,1987-09,89.752153,F,,A
M,JP,628,0,,,,,,1987-10,89.752153,F,,A
M,JP,628,0,,,,,,1987-11,89.330287,F,,A
M,JP,628,0,,,,,,1987-12,89.22482,F,,A
M,JP,628,0,,,,,,1988-01,88.90842,F,,A
M,JP,628,0,,,,,,1988-02,88.802953,F,,A
M,JP,628,0,,,,,,1988-03,89.119353,F,,A
M,JP,628,0,,,,,,1988-04,89.54122,F,,A
M,JP,628,0,,,,,,1988-05,89.646687,F,,A
M,JP,628,0,,,,,,1988-06,89.435753,F,,A
M,JP,628,0,,,,,,1988-07,89.330287,F,,A
M,JP,628,0,,,,,,1988-08,89.54122,F,,A
M,JP,628,0,,,,,,1988-09,90.279487,F,,A
M,JP,628,0,,,,,,1988-10,90.701353,F,,A
M,JP,628,0,,,,,,1988-11,90.384953,F,,A
M,JP,628,0,,,,,,1988-12,90.068553,F,,A
M,JP,628,0,,,,,,1989-01,89.963087,F,,A
M,JP,628,0,,,,,,1989-02,89.646687,F,,A
M,JP,628,0,,,,,,1989-03,90.068553,F,,A
M,JP,628,0,,,,,,1989-04,91.650554,F,,A
M,JP,628,0,,,,,,1989-05,92.177887,F,,A
M,JP,628,0,,,,,,1989-06,92.177887,F,,A
M,JP,628,0,,,,,,1989-07,91.966954,F,,A
M,JP,628,0,,,,,,1989-08,91.861487,F,,A
M,JP,628,0,,,,,,1989-09,92.705221,F,,A
M,JP,628,0,,,,,,1989-10,93.338021,F,,A
M,JP,628,0,,,,,,1989-11,92.388821,F,,A
M,JP,628,0,,,,,,1989-12,92.494287,F,,A
M,JP,628,0,,,,,,1990-01,92.916154,F,,A
M,JP,628,0,,,,,,1990-02,93.021621,F,,A
M,JP,628,0,,,,,,1990-03,93.338021,F,,A
M,JP,628,0,,,,,,1990-04,94.181754,F,,A
M,JP,628,0,,,,,,1990-05,94.603621,F,,A
M,JP,628,0,,,,,,1990-06,94.287221,F,,A
M,JP,628,0,,,,,,1990-07,94.076288,F,,A
M,JP,628,0,,,,,,1990-08,94.392688,F,,A
M,JP,628,0,,,,,,1990-09,95.130954,F,,A
M,JP,628,0,,,,,,1990-10,96.185621,F,,A
M,JP,628,0,,,,,,1990-11,96.080155,F,,A
M,JP,628,0,,,,,,1990-12,95.974688,F,,A
M,JP,628,0,,,,,,1991-01,96.607488,F,,A
M,JP,628,0,,,,,,1991-02,96.291088,F,,A
M,JP,628,0,,,,,,1991-03,96.818422,F,,A
M,JP,628,0,,,,,,1991-04,97.345755,F,,A
M,JP,628,0,,,,,,1991-05,97.873088,F,,A
M,JP,628,0,,,,,,1991-06,97.451222,F,,A
M,JP,628,0,,,,,,1991-07,97.345755,F,,A
M,JP,628,0,,,,,,1991-08,97.556688,F,,A
M,JP,628,0,,,,,,1991-09,97.767622,F,,A
M,JP,628,0,,,,,,1991-10,98.822289,F,,A
M,JP,628,0,,,,,,1991-11,98.927755,F,,A
M,JP,628,0,,,,,,1991-12,98.505889,F,,A
M,JP,628,0,,,,,,1992-01,98.294955,F,,A
M,JP,628,0,,,,,,1992-02,98.189488,F,,A
M,JP,628,0,,,,,,1992-03,98.716822,F,,A
M,JP,628,0,,,,,,1992-04,99.771489,F,,A
M,JP,628,0,,,,,,1992-05,99.771489,F,,A
M,JP,628,0,,,,,,1992-06,99.771489,F,,A
M,JP,628,0,,,,,,1992-07,98.927755,F,,A
M,JP,628,0,,,,,,1992-08,99.244155,F,,A
M,JP,628,0,,,,,,1992-09,99.771489,F,,A
M,JP,628,0,,,,,,1992-10,99.771489,F,,A
M,JP,628,0,,,,,,1992-11,99.666022,F,,A
M,JP,628,0,,,,,,1992-12,99.666022,F,,A
M,JP,628,0,,,,,,1993-01,99.560555,F,,A
M,JP,628,0,,,,,,1993-02,99.666022,F,,A
M,JP,628,0,,,,,,1993-03,99.876956,F,,A
M,JP,628,0,,,,,,1993-04,100.615222,F,,A
M,JP,628,0,,,,,,1993-05,100.615222,F,,A
M,JP,628,0,,,,,,1993-06,100.615222,F,,A
M,JP,628,0,,,,,,1993-07,100.826156,F,,A
M,JP,628,0,,,,,,1993-08,101.142556,F,,A
M,JP,628,0,,,,,,1993-09,101.248023,F,,A
M,JP,628,0,,,,,,1993-10,101.142556,F,,A
M,JP,628,0,,,,,,1993-11,100.615222,F,,A
M,JP,628,0,,,,,,1993-12,100.615222,F,,A
M,JP,628,0,,,,,,1994-01,100.720689,F,,A
M,JP,628,0,,,,,,1994-02,100.720689,F,,A
M,JP,628,0,,,,,,1994-03,101.248023,F,,A
M,JP,628,0,,,,,,1994-04,101.458956,F,,A
M,JP,628,0,,,,,,1994-05,101.564423,F,,A
M,JP,628,0,,,,,,1994-06,101.142556,F,,A
M,JP,628,0,,,,,,1994-07,100.615222,F,,A
M,JP,628,0,,,,,,1994-08,101.142556,F,,A
M,JP,628,0,,,,,,1994-09,101.458956,F,,A
M,JP,628,0,,,,,,1994-10,101.880823,F,,A
M,JP,628,0,,,,,,1994-11,101.564423,F,,A
M,JP,628,0,,,,,,1994-12,101.353489,F,,A
M,JP,628,0,,,,,,1995-01,101.353489,F,,A
M,JP,628,0,,,,,,1995-02,101.037089,F,,A
M,JP,628,0,,,,,,1995-03,100.931622,F,,A
M,JP,628,0,,,,,,1995-04,101.248023,F,,A
M,JP,628,0,,,,,,1995-05,101.458956,F,,A
M,JP,628,0,,,,,,1995-06,101.353489,F,,A
M,JP,628,0,,,,,,1995-07,100.826156,F,,A
M,JP,628,0,,,,,,1995-08,100.931622,F,,A
M,JP,628,0,,,,,,1995-09,101.564423,F,,A
M,JP,628,0,,,,,,1995-10,101.248023,F,,A
M,JP,628,0,,,,,,1995-11,100.931622,F,,A
M,JP,628,0,,,,,,1995-12,100.931622,F,,A
M,JP,628,0,,,,,,1996-01,100.826156,F,,A
M,JP,628,0,,,,,,1996-02,100.615222,F,,A
M,JP,628,0,,,,,,1996-03,100.826156,F,,A
M,JP,628,0,,,,,,1996-04,101.458956,F,,A
M,JP,628,0,,,,,,1996-05,101.669889,F,,A
M,JP,628,0,,,,,,1996-06,101.353489,F,,A
M,JP,628,0,,,,,,1996-07,101.248023,F,,A
M,JP,628,0,,,,,,1996-08,101.142556,F,,A
M,JP,628,0,,,,,,1996-09,101.564423,F,,A
M,JP,628,0,,,,,,1996-10,101.775356,F,,A
M,JP,628,0,,,,,,1996-11,101.458956,F,,A
M,JP,628,0,,,,,,1996-12,101.564423,F,,A
M,JP,628,0,,,,,,1997-01,101.458956,F,,A
M,JP,628,0,,,,,,1997-02,101.248023,F,,A
M,JP,628,0,,,,,,1997-03,101.353489,F,,A
M,JP,628,0,,,,,,1997-04,103.357356,F,,A
M,JP,628,0,,,,,,1997-05,103.56829,F,,A
M,JP,628,0,,,,,,1997-06,103.56829,F,,A
M,JP,628,0,,,,,,1997-07,103.146423,F,,A
M,JP,628,0,,,,,,1997-08,103.25189,F,,A
M,JP,628,0,,,,,,1997-09,103.990156,F,,A
M,JP,628,0,,,,,,1997-10,104.306557,F,,A
M,JP,628,0,,,,,,1997-11,103.56829,F,,A
M,JP,628,0,,,,,,1997-12,103.357356,F,,A
M,JP,628,0,,,,,,1998-01,103.25189,F,,A
M,JP,628,0,,,,,,1998-02,103.146423,F,,A
M,JP,628,0,,,,,,1998-03,103.56829,F,,A
M,JP,628,0,,,,,,1998-04,103.779223,F,,A
M,JP,628,0,,,,,,1998-05,104.095623,F,,A
M,JP,628,0,,,,,,1998-06,103.673756,F,,A
M,JP,628,0,,,,,,1998-07,103.040956,F,,A
M,JP,628,0,,,,,,1998-08,102.93549,F,,A
M,JP,628,0,,,,,,1998-09,103.779223,F,,A
M,JP,628,0,,,,,,1998-10,104.51749,F,,A
M,JP,628,0,,,,,,1998-11,104.412023,F,,A
M,JP,628,0,,,,,,1998-12,103.990156,F,,A
M,JP,628,0,,,,,,1999-01,103.462823,F,,A
M,JP,628,0,,,,,,1999-02,103.040956,F,,A
M,JP,628,0,,,,,,1999-03,103.146423,F,,A
M,JP,628,0,,,,,,1999-04,103.673756,F,,A
M,JP,628,0,,,,,,1999-05,103.673756,F,,A
M,JP,628,0,,,,,,1999-06,103.357356,F,,A
M,JP,628,0,,,,,,1999-07,102.93549,F,,A
M,JP,628,0,,,,,,1999-08,103.25189,F,,A
M,JP,628,0,,,,,,1999-09,103.56829,F,,A
M,JP,628,0,,,,,,1999-10,103.779223,F,,A
M,JP,628,0,,,,,,1999-11,103.146423,F,,A
M,JP,628,0,,,,,,1999-12,102.830023,F,,A
M,JP,628,0,,,,,,2000-01,102.724556,F,,A
M,JP,628,0,,,,,,2000-02,102.408156,F,,A
M,JP,628,0,,,,,,2000-03,102.619089,F,,A
M,JP,628,0,,,,,,2000-04,102.830023,F,,A
M,JP,628,0,,,,,,2000-05,102.93549,F,,A
M,JP,628,0,,,,,,2000-06,102.724556,F,,A
M,JP,628,0,,,,,,2000-07,102.408156,F,,A
M,JP,628,0,,,,,,2000-08,102.724556,F,,A
M,JP,628,0,,,,,,2000-09,102.619089,F,,A
M,JP,628,0,,,,,,2000-10,102.619089,F,,A
M,JP,628,0,,,,,,2000-11,102.302689,F,,A
M,JP,628,0,,,,,,2000-12,102.408156,F,,A
M,JP,628,0,,,,,,2001-01,102.408156,F,,A
M,JP,628,0,,,,,,2001-02,102.091756,F,,A
M,JP,628,0,,,,,,2001-03,101.986289,F,,A
M,JP,628,0,,,,,,2001-04,102.091756,F,,A
M,JP,628,0,,,,,,2001-05,102.197223,F,,A
M,JP,628,0,,,,,,2001-06,101.986289,F,,A
M,JP,628,0,,,,,,2001-07,101.669889,F,,A
M,JP,628,0,,,,,,2001-08,101.986289,F,,A
M,JP,628,0,,,,,,2001-09,101.880823,F,,A
M,JP,628,0,,,,,,2001-10,101.880823,F,,A
M,JP,628,0,,,,,,2001-11,101.353489,F,,A
M,JP,628,0,,,,,,2001-12,101.248023,F,,A
M,JP,628,0,,,,,,2002-01,101.037089,F,,A
M,JP,628,0,,,,,,2002-02,100.509756,F,,A
M,JP,628,0,,,,,,2002-03,100.720689,F,,A
M,JP,628,0,,,,,,2002-04,101.037089,F,,A
M,JP,628,0,,,,,,2002-05,101.353489,F,,A
M,JP,628,0,,,,,,2002-06,101.248023,F,,A
M,JP,628,0,,,,,,2002-07,100.826156,F,,A
M,JP,628,0,,,,,,2002-08,101.142556,F,,A
M,JP,628,0,,,,,,2002-09,101.142556,F,,A
M,JP,628,0,,,,,,2002-10,100.931622,F,,A
M,JP,628,0,,,,,,2002-11,100.931622,F,,A
M,JP,628,0,,,,,,2002-12,100.931622,F,,A
M,JP,628,0,,,,,,2003-01,100.615222,F,,A
M,JP,628,0,,,,,,2003-02,100.298822,F,,A
M,JP,628,0,,,,,,2003-03,100.615222,F,,A
M,JP,628,0,,,,,,2003-04,100.931622,F,,A
M,JP,628,0,,,,,,2003-05,101.142556,F,,A
M,JP,628,0,,,,,,2003-06,100.826156,F,,A
M,JP,628,0,,,,,,2003-07,100.615222,F,,A
M,JP,628,0,,,,,,2003-08,100.826156,F,,A
M,JP,628,0,,,,,,2003-09,100.931622,F,,A
M,JP,628,0,,,,,,2003-10,100.931622,F,,A
M,JP,628,0,,,,,,2003-11,100.404289,F,,A
M,JP,628,0,,,,,,2003-12,100.509756,F,,A
M,JP,628,0,,,,,,2004-01,100.298822,F,,A
M,JP,628,0,,,,,,2004-02,100.298822,F,,A
M,JP,628,0,,,,,,2004-03,100.509756,F,,A
M,JP,628,0,,,,,,2004-04,100.509756,F,,A
M,JP,628,0,,,,,,2004-05,100.615222,F,,A
M,JP,628,0,,,,,,2004-06,100.826156,F,,A
M,JP,628,0,,,,,,2004-07,100.509756,F,,A
M,JP,628,0,,,,,,2004-08,100.615222,F,,A
M,JP,628,0,,,,,,2004-09,100.931622,F,,A
M,JP,628,0,,,,,,2004-10,101.458956,F,,A
M,JP,628,0,,,,,,2004-11,101.248023,F,,A
M,JP,628,0,,,,,,2004-12,100.720689,F,,A
M,JP,628,0,,,,,,2005-01,100.509756,F,,A
M,JP,628,0,,,,,,2005-02,100.193356,F,,A
M,JP,628,0,,,,,,2005-03,100.509756,F,,A
M,JP,628,0,,,,,,2005-04,100.615222,F,,A
M,JP,628,0,,,,,,2005-05,100.720689,F,,A
M,JP,628,0,,,,,,2005-06,100.298822,F,,A
M,JP,628,0,,,,,,2005-07,100.193356,F,,A
M,JP,628,0,,,,,,2005-08,100.298822,F,,A
M,JP,628,0,,,,,,2005-09,100.615222,F,,A
M,JP,628,0,,,,,,2005-10,100.615222,F,,A
M,JP,628,0,,,,,,2005-11,100.193356,F,,A
M,JP,628,0,,,,,,2005-12,100.298822,F,,A
M,JP,628,0,,,,,,2006-01,100.404289,F,,A
M,JP,628,0,,,,,,2006-02,100.087889,F,,A
M,JP,628,0,,,,,,2006-03,100.298822,F,,A
M,JP,628,0,,,,,,2006-04,100.509756,F,,A
M,JP,628,0,,,,,,2006-05,100.826156,F,,A
M,JP,628,0,,,,,,2006-06,100.826156,F,,A
M,JP,628,0,,,,,,2006-07,100.509756,F,,A
M,JP,628,0,,,,,,2006-08,101.248023,F,,A
M,JP,628,0,,,,,,2006-09,101.248023,F,,A
M,JP,628,0,,,,,,2006-10,101.037089,F,,A
M,JP,628,0,,,,,,2006-11,100.509756,F,,A
M,JP,628,0,,,,,,2006-12,100.615222,F,,A
M,JP,628,0,,,,,,2007-01,100.404289,F,,A
M,JP,628,0,,,,,,2007-02,99.876956,F,,A
M,JP,628,0,,,,,,2007-03,100.193356,F,,A
M,JP,628,0,,,,,,2007-04,100.509756,F,,A
M,JP,628,0,,,,,,2007-05,100.826156,F,,A
M,JP,628,0,,,,,,2007-06,100.615222,F,,A
M,JP,628,0,,,,,,2007-07,100.509756,F,,A
M,JP,628,0,,,,,,2007-08,101.037089,F,,A
M,JP,628,0,,,,,,2007-09,101.037089,F,,A
M,JP,628,0,,,,,,2007-10,101.248023,F,,A
M,JP,628,0,,,,,,2007-11,101.142556,F,,A
M,JP,628,0,,,,,,2007-12,101.248023,F,,A
M,JP,628,0,,,,,,2008-01,101.142556,F,,A
M,JP,628,0,,,,,,2008-02,100.931622,F,,A
M,JP,628,0,,,,,,2008-03,101.353489,F,,A
M,JP,628,0,,,,,,2008-04,101.248023,F,,A
M,JP,628,0,,,,,,2008-05,102.091756,F,,A
M,JP,628,0,,,,,,2008-06,102.619089,F,,A
M,JP,628,0,,,,,,2008-07,102.830023,F,,A
M,JP,628,0,,,,,,2008-08,103.146423,F,,A
M,JP,628,0,,,,,,2008-09,103.146423,F,,A
M,JP,628,0,,,,,,2008-10,103.040956,F,,A
M,JP,628,0,,,,,,2008-11,102.091756,F,,A
M,JP,628,0,,,,,,2008-12,101.669889,F,,A
M,JP,628,0,,,,,,2009-01,101.142556,F,,A
M,JP,628,0,,,,,,2009-02,100.826156,F,,A
M,JP,628,0,,,,,,2009-03,101.142556,F,,A
M,JP,628,0,,,,,,2009-04,101.248023,F,,A
M,JP,628,0,,,,,,2009-05,101.037089,F,,A
M,JP,628,0,,,,,,2009-06,100.826156,F,,A
M,JP,628,0,,,,,,2009-07,100.509756,F,,A
M,JP,628,0,,,,,,2009-08,100.826156,F,,A
M,JP,628,0,,,,,,2009-09,100.826156,F,,A
M,JP,628,0,,,,,,2009-10,100.404289,F,,A
M,JP,628,0,,,,,,2009-11,100.193356,F,,A
M,JP,628,0,,,,,,2009-12,99.982422,F,,A
M,JP,628,0,,,,,,2010-01,100.087889,F,,A
M,JP,628,0,,,,,,2010-02,100.087889,F,,A
M,JP,628,0,,,,,,2010-03,100.298822,F,,A
M,JP,628,0,,,,,,2010-04,100.298822,F,,A
M,JP,628,0,,,,,,2010-05,100.298822,F,,A
M,JP,628,0,,,,,,2010-06,100.087889,F,,A
M,JP,628,0,,,,,,2010-07,99.560555,F,,A
M,JP,628,0,,,,,,2010-08,99.666022,F,,A
M,JP,628,0,,,,,,2010-09,99.876956,F,,A
M,JP,628,0,,,,,,2010-10,100.193356,F,,A
M,JP,628,0,,,,,,2010-11,99.876956,F,,A
M,JP,628,0,,,,,,2010-12,99.666022,F,,A
M,JP,628,0,,,,,,2011-01,99.560555,F,,A
M,JP,628,0,,,,,,2011-02,99.560555,F,,A
M,JP,628,0,,,,,,2011-03,99.771489,F,,A
M,JP,628,0,,,,,,2011-04,99.876956,F,,A
M,JP,628,0,,,,,,2011-05,99.876956,F,,A
M,JP,628,0,,,,,,2011-06,99.771489,F,,A
M,JP,628,0,,,,,,2011-07,99.771489,F,,A
M,JP,628,0,,,,,,2011-08,99.876956,F,,A
M,JP,628,0,,,,,,2011-09,99.876956,F,,A
M,JP,628,0,,,,,,2011-10,99.982422,F,,A
M,JP,628,0,,,,,,2011-11,99.349622,F,,A
M,JP,628,0,,,,,,2011-12,99.455089,F,,A
M,JP,628,0,,,,,,2012-01,99.666022,F,,A
M,JP,628,0,,,,,,2012-02,99.876956,F,,A
M,JP,628,0,,,,,,2012-03,100.298822,F,,A
M,JP,628,0,,,,,,2012-04,100.404289,F,,A
M,JP,628,0,,,,,,2012-05,100.087889,F,,A
M,JP,628,0,,,,,,2012-06,99.560555,F,,A
M,JP,628,0,,,,,,2012-07,99.244155,F,,A
M,JP,628,0,,,,,,2012-08,99.455089,F,,A
M,JP,628,0,,,,,,2012-09,99.560555,F,,A
M,JP,628,0,,,,,,2012-10,99.560555,F,,A
M,JP,628,0,,,,,,2012-11,99.244155,F,,A
M,JP,628,0,,,,,,2012-12,99.244155,F,,A
M,JP,628,0,,,,,,2013-01,99.349622,F,,A
M,JP,628,0,,,,,,2013-02,99.138689,F,,A
M,JP,628,0,,,,,,2013-03,99.349622,F,,A
M,JP,628,0,,,,,,2013-04,99.666022,F,,A
M,JP,628,0,,,,,,2013-05,99.771489,F,,A
M,JP,628,0,,,,,,2013-06,99.771489,F,,A
M,JP,628,0,,,,,,2013-07,99.982422,F,,A
M,JP,628,0,,,,,,2013-08,100.298822,F,,A
M,JP,628,0,,,,,,2013-09,100.615222,F,,A
M,JP,628,0,,,,,,2013-10,100.720689,F,,A
M,JP,628,0,,,,,,2013-11,100.720689,F,,A
M,JP,628,0,,,,,,2013-12,100.826156,F,,A
M,JP,628,0,,,,,,2014-01,100.720689,F,,A
M,JP,628,0,,,,,,2014-02,100.720689,F,,A
M,JP,628,0,,,,,,2014-03,100.931622,F,,A
M,JP,628,0,,,,,,2014-04,103.040956,F,,A
M,JP,628,0,,,,,,2014-05,103.462823,F,,A
M,JP,628,0,,,,,,2014-06,103.357356,F,,A
M,JP,628,0,,,,,,2014-07,103.462823,F,,A
M,JP,628,0,,,,,,2014-08,103.673756,F,,A
M,JP,628,0,,,,,,2014-09,103.88469,F,,A
M,JP,628,0,,,,,,2014-10,103.56829,F,,A
M,JP,628,0,,,,,,2014-11,103.25189,F,,A
M,JP,628,0,,,,,,2014-12,103.25189,F,,A
M,JP,628,0,,,,,,2015-01,103.146423,F,,A
M,JP,628,0,,,,,,2015-02,102.93549,F,,A
M,JP,628,0,,,,,,2015-03,103.25189,F,,A
M,JP,628,0,,,,,,2015-04,103.779223,F,,A
M,JP,628,0,,,,,,2015-05,104.095623,F,,A
M,JP,628,0,,,,,,2015-06,103.779223,F,,A
M,JP,628,0,,,,,,2015-07,103.673756,F,,A
M,JP,628,0,,,,,,2015-08,103.779223,F,,A
M,JP,628,0,,,,,,2015-09,103.88469,F,,A
M,JP,628,0,,,,,,2015-10,103.88469,F,,A
M,JP,628,0,,,,,,2015-11,103.462823,F,,A
M,JP,628,0,,,,,,2015-12,103.462823,F,,A
M,JP,628,0,,,,,,2016-01,103.040956,F,,A
M,JP,628,0,,,,,,2016-02,103.146423,F,,A
M,JP,628,0,,,,,,2016-03,103.25189,F,,A
M,JP,628,0,,,,,,2016-04,103.462823,F,,A
M,JP,628,0,,,,,,2016-05,103.56829,F,,A
M,JP,628,0,,,,,,2016-06,103.462823,F,,A
M,JP,628,0,,,,,,2016-07,103.25189,F,,A
M,JP,628,0,,,,,,2016-08,103.25189,F,,A
M,JP,628,0,,,,,,2016-09,103.357356,F,,A
M,JP,628,0,,,,,,2016-10,103.990156,F,,A
M,JP,628,0,,,,,,2016-11,103.990156,F,,A
M,JP,628,0,,,,,,2016-12,103.779223,F,,A
M,JP,628,0,,,,,,2017-01,103.56829,F,,A
M,JP,628,0,,,,,,2017-02,103.462823,F,,A
M,JP,628,0,,,,,,2017-03,103.462823,F,,A
M,JP,628,0,,,,,,2017-04,103.88469,F,,A
M,JP,628,0,,,,,,2017-05,103.990156,F,,A
M,JP,628,0,,,,,,2017-06,103.88469,F,,A
M,JP,628,0,,,,,,2017-07,103.673756,F,,A
M,JP,628,0,,,,,,2017-08,103.88469,F,,A
M,JP,628,0,,,,,,2017-09,104.20109,F,,A
M,JP,628,0,,,,,,2017-10,104.20109,F,,A
M,JP,628,0,,,,,,2017-11,104.51749,F,,A
M,JP,628,0,,,,,,2017-12,104.83389,F,,A
M,JP,628,0,,,,,,2018-01,104.939357,F,,A
M,JP,628,0,,,,,,2018-02,104.939357,F,,A
M,JP,628,0,,,,,,2018-03,104.622957,F,,A
M,JP,628,0,,,,,,2018-04,104.51749,F,,A
M,JP,628,0,,,,,,2018-05,104.728423,F,,A
M,JP,628,0,,,,,,2018-06,104.622957,F,,A
M,JP,628,0,,,,,,2018-07,104.622957,F,,A
M,JP,628,0,,,,,,2018-08,105.255757,F,,A
M,JP,628,0,,,,,,2018-09,105.361223,F,,A
M,JP,628,0,,,,,,2018-10,105.677623,F,,A
M,JP,628,0,,,,,,2018-11,105.46669,F,,A
M,JP,628,0,,,,,,2018-12,105.15029,F,,A
M,JP,628,0,,,,,,2019-01,105.15029,F,,A
M,JP,628,0,,,,,,2019-02,105.15029,F,,A
M,JP,628,0,,,,,,2019-03,105.15029,F,,A
M,JP,628,0,,,,,,2019-04,105.46669,F,,A
M,JP,628,0,,,,,,2019-05,105.46669,F,,A
M,JP,628,0,,,,,,2019-06,105.255757,F,,A
M,JP,628,0,,,,,,2019-07,105.255757,F,,A
M,JP,628,0,,,,,,2019-08,105.46669,F,,A
M,JP,628,0,,,,,,2019-09,105.572157,F,,A
M,JP,628,0,,,,,,2019-10,105.888557,F,,A
M,JP,628,0,,,,,,2019-11,105.994024,F,,A
M,JP,628,0,,,,,,2019-12,105.994024,F,,A
M,JP,628,0,,,,,,2020-01,105.994024,F,,A
M,JP,628,0,,,,,,2020-02,105.78309,F,,A
M,JP,628,0,,,,,,2020-03,105.78309,F,,A
M,JP,628,0,,,,,,2020-04,105.677623,F,,A
M,JP,628,0,,,,,,2020-05,105.572157,F,,A
M,JP,628,0,,,,,,2020-06,105.361223,F,,A
M,JP,628,0,,,,,,2020-07,105.46669,F,,A
M,JP,628,0,,,,,,2020-08,105.572157,F,,A
M,JP,628,0,,,,,,2020-09,105.361223,F,,A
M,JP,628,0,,,,,,2020-10,105.255757,F,,A
M,JP,628,0,,,,,,2020-11,104.939357,F,,A
M,JP,628,0,,,,,,2020-12,104.728423,F,,A
M,JP,628,0,,,,,,2021-01,105.255757,F,,A
M,JP,628,0,,,,,,2021-02,105.255757,F,,A
M,JP,628,0,,,,,,2021-03,105.361223,F,,A
M,JP,628,0,,,,,,2021-04,104.51749,F,,A
M,JP,628,0,,,,,,2021-05,104.83389,F,,A
M,JP,628,0,,,,,,2021-06,104.939357,F,,A
M,JP,628,0,,,,,,2021-07,105.15029,F,,A
M,JP,628,0,,,,,,2021-08,105.15029,F,,A
M,JP,628,0,,,,,,2021-09,105.572157,F,,A
M,JP,628,0,,,,,,2021-10,105.361223,F,,A
M,JP,628,0,,,,,,2021-11,105.572157,F,,A
M,JP,628,0,,,,,,2021-12,105.572157,F,,A
M,JP,628,0,,,,,,2022-01,105.78309,F,,A
M,JP,628,0,,,,,,2022-02,106.204957,F,,A
M,JP,628,0,,,,,,2022-03,106.626824,F,,A
M,JP,628,0,,,,,,2022-04,107.04869,F,,A
M,JP,628,0,,,,,,2022-05,107.365091,F,,A
M,JP,628,0,,,,,,2022-06,107.365091,F,,A
M,JP,628,0,,,,,,2022-07,107.892424,F,,A
M,JP,628,0,,,,,,2022-08,108.314291,F,,A
M,JP,628,0,,,,,,2022-09,108.736157,F,,A
M,JP,628,0,,,,,,2022-10,109.368958,F,,A
M,JP,628,0,,,,,,2022-11,109.579891,F,,A
M,JP,628,0,,,,,,2022-12,109.790824,F,,A
M,JP,628,0,,,,,,2023-01,110.423625,F,,A
M,JP,628,0,,,,,,2023-02,109.685358,F,,A
M,JP,628,0,,,,,,2023-03,110.107224,F,,A
M,JP,628,0,,,,,,2023-04,110.845491,F,,A
M,JP,628,0,,,,,,2023-05,110.845491,F,,A
M,JP,628,0,,,,,,2023-06,110.950958,F,,A
M,JP,628,0,,,,,,2023-07,111.478291,F,,A
M,JP,628,0,,,,,,2023-08,111.689225,F,,A
M,JP,628,0,,,,,,2023-09,112.005625,F,,A
M,JP,628,0,,,,,,2023-10,112.954825,F,,A
M,JP,628,0,,,,,,2023-11,112.743892,F,,A
M,JP,628,0,,,,,,2023-12,112.638425,F,,A
M,JP,628,0,,,,,,2024-01,112.743892,F,,A
M,JP,628,0,,,,,,2024-02,112.743892,F,,A
M,JP,628,0,,,,,,2024-03,113.060292,F,,A
M,JP,628,0,,,,,,2024-04,113.587625,F,,A
M,JP,628,0,,,,,,2024-05,114.009492,F,,A
M,JP,628,0,,,,,,2024-06,114.114959,F,,A
M,JP,628,0,,,,,,2024-07,114.536825,F,,A
M,JP,628,0,,,,,,2024-08,115.064159,F,,A
M,JP,628,0,,,,,,2024-09,114.853226,F,,A
M,JP,628,0,,,,,,2024-10,115.486026,F,,A
M,JP,628,0,,,,,,2024-11,116.013359,F,,A
M,JP,628,0,,,,,,2024-12,116.751626,F,,A
M,JP,628,0,,,,,,2025-01,117.278959,F,,A
M,JP,628,0,,,,,,2025-02,116.857093,F,,A
