DATAFLOW_ID:Dataflow ID,KEY:Timeseries Key,FREQ:Frequency,ADJUSTMENT:Adjustment indicator,REF_AREA:Reference area,COUNTERPART_AREA:Counterpart area,REF_SECTOR:Reporting institutional sector,COUNTERPART_SECTOR:Counterpart institutional sector,CONSOLIDATION:Consolidation Status,ACCOUNTING_ENTRY:Accounting Entry,"STO:Stocks, Transactions, Other Flows",INSTR_ASSET:Instrument and Assets Classification,MATURITY:Original and Residual Maturity,"EXPENDITURE:Expenditure (COFOG, COICOP, COPP or COPNI)",UNIT_MEASURE:Unit,CURRENCY_DENOM:Currency of denomination,VALUATION:Valuation,PRICES:Prices,TRANSFORMATION:Transformation,CUST_BREAKDOWN:Custom breakdown codification,Unit,Unit multiplier,TIME_PERIOD:Period,OBS_CONF:Confidentiality,OBS_PRE_BREAK:Pre-break value,OBS_STATUS:Status,OBS_VALUE:Value
"BIS,WS_NA_SEC_DSS,1.0",Q.N.JP.5Z.S1.S1.N.L.F.F3.T._Z.USD._T.M.V.N._T,Q:Quarterly,N:Neither seasonally adjusted nor calendar adjusted data,JP:Japan,5Z:Non-residents/Cross-border,S1:Total economy,S1:Total economy,N:Non-consolidated,L:Liabilities (Net Incurrence of),F:Transactions in financial assets and liabilities,F3:Debt securities,T:All original maturities,_Z:Not applicable,USD:US dollar,_T:All currencies,M:Market value,V:Current prices,N:Non transformed data,_T:Total,US dollar,Billions,2012-03-31,F:Free (free for publication),,M:Missing value; data cannot exist,
"BIS,WS_NA_SEC_DSS,1.0",Q.N.JP.5Z.S1.S1.N.L.F.F3.T._Z.USD._T.M.V.N._T,Q:Quarterly,N:Neither seasonally adjusted nor calendar adjusted data,JP:Japan,5Z:Non-residents/Cross-border,S1:Total economy,S1:Total economy,N:Non-consolidated,L:Liabilities (Net Incurrence of),F:Transactions in financial assets and liabilities,F3:Debt securities,T:All original maturities,_Z:Not applicable,USD:US dollar,_T:All currencies,M:Market value,V:Current prices,N:Non transformed data,_T:Total,US dollar,Billions,2012-06-30,F:Free (free for publication),,A:Normal,62.06501921368
"BIS,WS_NA_SEC_DSS,1.0",Q.N.JP.5Z.S1.S1.N.L.F.F3.T._Z.USD._T.M.V.N._T,Q:Quarterly,N:Neither seasonally adjusted nor calendar adjusted data,JP:Japan,5Z:Non-residents/Cross-border,S1:Total economy,S1:Total economy,N:Non-consolidated,L:Liabilities (Net Incurrence of),F:Transactions in financial assets and liabilities,F3:Debt securities,T:All original maturities,_Z:Not applicable,USD:US dollar,_T:All currencies,M:Market value,V:Current prices,N:Non transformed data,_T:Total,US dollar,Billions,2012-09-30,F:Free (free for publication),,A:Normal,66.24693613802
"BIS,WS_NA_SEC_DSS,1.0",Q.N.JP.5Z.S1.S1.N.L.F.F3.T._Z.USD._T.M.V.N._T,Q:Quarterly,N:Neither seasonally adjusted nor calendar adjusted data,JP:Japan,5Z:Non-residents/Cross-border,S1:Total economy,S1:Total economy,N:Non-consolidated,L:Liabilities (Net Incurrence of),F:Transactions in financial assets and liabilities,F3:Debt securities,T:All original maturities,_Z:Not applicable,USD:US dollar,_T:All currencies,M:Market value,V:Current prices,N:Non transformed data,_T:Total,US dollar,Billions,2012-12-31,F:Free (free for publication),,A:Normal,-17.7234503183
"BIS,WS_NA_SEC_DSS,1.0",Q.N.JP.5Z.S1.S1.N.L.F.F3.T._Z.USD._T.M.V.N._T,Q:Quarterly,N:Neither seasonally adjusted nor calendar adjusted data,JP:Japan,5Z:Non-residents/Cross-border,S1:Total economy,S1:Total economy,N:Non-consolidated,L:Liabilities (Net Incurrence of),F:Transactions in financial assets and liabilities,F3:Debt securities,T:All original maturities,_Z:Not applicable,USD:US dollar,_T:All currencies,M:Market value,V:Current prices,N:Non transformed data,_T:Total,US dollar,Billions,2013-03-31,F:Free (free for publication),,A:Normal,-29.15377585197
"BIS,WS_NA_SEC_DSS,1.0",Q.N.JP.5Z.S1.S1.N.L.F.F3.T._Z.USD._T.M.V.N._T,Q:Quarterly,N:Neither seasonally adjusted nor calendar adjusted data,JP:Japan,5Z:Non-residents/Cross-border,S1:Total economy,S1:Total economy,N:Non-consolidated,L:Liabilities (Net Incurrence of),F:Transactions in financial assets and liabilities,F3:Debt securities,T:All original maturities,_Z:Not applicable,USD:US dollar,_T:All currencies,M:Market value,V:Current prices,N:Non transformed data,_T:Total,US dollar,Billions,2013-06-30,F:Free (free for publication),,A:Normal,18.03262101141
"BIS,WS_NA_SEC_DSS,1.0",Q.N.JP.5Z.S1.S1.N.L.F.F3.T._Z.USD._T.M.V.N._T,Q:Quarterly,N:Neither seasonally adjusted nor calendar adjusted data,JP:Japan,5Z:Non-residents/Cross-border,S1:Total economy,S1:Total economy,N:Non-consolidated,L:Liabilities (Net Incurrence of),F:Transactions in financial assets and liabilities,F3:Debt securities,T:All original maturities,_Z:Not applicable,USD:US dollar,_T:All currencies,M:Market value,V:Current prices,N:Non transformed data,_T:Total,US dollar,Billions,2013-09-30,F:Free (free for publication),,A:Normal,-20.90641491518
"BIS,WS_NA_SEC_DSS,1.0",Q.N.JP.5Z.S1.S1.N.L.F.F3.T._Z.USD._T.M.V.N._T,Q:Quarterly,N:Neither seasonally adjusted nor calendar adjusted data,JP:Japan,5Z:Non-residents/Cross-border,S1:Total economy,S1:Total economy,N:Non-consolidated,L:Liabilities (Net Incurrence of),F:Transactions in financial assets and liabilities,F3:Debt securities,T:All original maturities,_Z:Not applicable,USD:US dollar,_T:All currencies,M:Market value,V:Current prices,N:Non transformed data,_T:Total,US dollar,Billions,2013-12-31,F:Free (free for publication),,A:Normal,36.75368089565
"BIS,WS_NA_SEC_DSS,1.0",Q.N.JP.5Z.S1.S1.N.L.F.F3.T._Z.USD._T.M.V.N._T,Q:Quarterly,N:Neither seasonally adjusted nor calendar adjusted data,JP:Japan,5Z:Non-residents/Cross-border,S1:Total economy,S1:Total economy,N:Non-consolidated,L:Liabilities (Net Incurrence of),F:Transactions in financial assets and liabilities,F3:Debt securities,T:All original maturities,_Z:Not applicable,USD:US dollar,_T:All currencies,M:Market value,V:Current prices,N:Non transformed data,_T:Total,US dollar,Billions,2014-03-31,F:Free (free for publication),,A:Normal,17.17367395527
"BIS,WS_NA_SEC_DSS,1.0",Q.N.JP.5Z.S1.S1.N.L.F.F3.T._Z.USD._T.M.V.N._T,Q:Quarterly,N:Neither seasonally adjusted nor calendar adjusted data,JP:Japan,5Z:Non-residents/Cross-border,S1:Total economy,S1:Total economy,N:Non-consolidated,L:Liabilities (Net Incurrence of),F:Transactions in financial assets and liabilities,F3:Debt securities,T:All original maturities,_Z:Not applicable,USD:US dollar,_T:All currencies,M:Market value,V:Current prices,N:Non transformed data,_T:Total,US dollar,Billions,2014-06-30,F:Free (free for publication),,A:Normal,38.06567792075
"BIS,WS_NA_SEC_DSS,1.0",Q.N.JP.5Z.S1.S1.N.L.F.F3.T._Z.USD._T.M.V.N._T,Q:Quarterly,N:Neither seasonally adjusted nor calendar adjusted data,JP:Japan,5Z:Non-residents/Cross-border,S1:Total economy,S1:Total economy,N:Non-consolidated,L:Liabilities (Net Incurrence of),F:Transactions in financial assets and liabilities,F3:Debt securities,T:All original maturities,_Z:Not applicable,USD:US dollar,_T:All currencies,M:Market value,V:Current prices,N:Non transformed data,_T:Total,US dollar,Billions,2014-09-30,F:Free (free for publication),,A:Normal,41.61392631054
"BIS,WS_NA_SEC_DSS,1.0",Q.N.JP.5Z.S1.S1.N.L.F.F3.T._Z.USD._T.M.V.N._T,Q:Quarterly,N:Neither seasonally adjusted nor calendar adjusted data,JP:Japan,5Z:Non-residents/Cross-border,S1:Total economy,S1:Total economy,N:Non-consolidated,L:Liabilities (Net Incurrence of),F:Transactions in financial assets and liabilities,F3:Debt securities,T:All original maturities,_Z:Not applicable,USD:US dollar,_T:All currencies,M:Market value,V:Current prices,N:Non transformed data,_T:Total,US dollar,Billions,2014-12-31,F:Free (free for publication),,A:Normal,47.54533627416
"BIS,WS_NA_SEC_DSS,1.0",Q.N.JP.5Z.S1.S1.N.L.F.F3.T._Z.USD._T.M.V.N._T,Q:Quarterly,N:Neither seasonally adjusted nor calendar adjusted data,JP:Japan,5Z:Non-residents/Cross-border,S1:Total economy,S1:Total economy,N:Non-consolidated,L:Liabilities (Net Incurrence of),F:Transactions in financial assets and liabilities,F3:Debt securities,T:All original maturities,_Z:Not applicable,USD:US dollar,_T:All currencies,M:Market value,V:Current prices,N:Non transformed data,_T:Total,US dollar,Billions,2015-03-31,F:Free (free for publication),,A:Normal,45.04810643828
"BIS,WS_NA_SEC_DSS,1.0",Q.N.JP.5Z.S1.S1.N.L.F.F3.T._Z.USD._T.M.V.N._T,Q:Quarterly,N:Neither seasonally adjusted nor calendar adjusted data,JP:Japan,5Z:Non-residents/Cross-border,S1:Total economy,S1:Total economy,N:Non-consolidated,L:Liabilities (Net Incurrence of),F:Transactions in financial assets and liabilities,F3:Debt securities,T:All original maturities,_Z:Not applicable,USD:US dollar,_T:All currencies,M:Market value,V:Current prices,N:Non transformed data,_T:Total,US dollar,Billions,2015-06-30,F:Free (free for publication),,A:Normal,-10.92174462144
"BIS,WS_NA_SEC_DSS,1.0",Q.N.JP.5Z.S1.S1.N.L.F.F3.T._Z.USD._T.M.V.N._T,Q:Quarterly,N:Neither seasonally adjusted nor calendar adjusted data,JP:Japan,5Z:Non-residents/Cross-border,S1:Total economy,S1:Total economy,N:Non-consolidated,L:Liabilities (Net Incurrence of),F:Transactions in financial assets and liabilities,F3:Debt securities,T:All original maturities,_Z:Not applicable,USD:US dollar,_T:All currencies,M:Market value,V:Current prices,N:Non transformed data,_T:Total,US dollar,Billions,2015-09-30,F:Free (free for publication),,A:Normal,60.63414738182
"BIS,WS_NA_SEC_DSS,1.0",Q.N.JP.5Z.S1.S1.N.L.F.F3.T._Z.USD._T.M.V.N._T,Q:Quarterly,N:Neither seasonally adjusted nor calendar adjusted data,JP:Japan,5Z:Non-residents/Cross-border,S1:Total economy,S1:Total economy,N:Non-consolidated,L:Liabilities (Net Incurrence of),F:Transactions in financial assets and liabilities,F3:Debt securities,T:All original maturities,_Z:Not applicable,USD:US dollar,_T:All currencies,M:Market value,V:Current prices,N:Non transformed data,_T:Total,US dollar,Billions,2015-12-31,F:Free (free for publication),,A:Normal,78.1783115837
"BIS,WS_NA_SEC_DSS,1.0",Q.N.JP.5Z.S1.S1.N.L.F.F3.T._Z.USD._T.M.V.N._T,Q:Quarterly,N:Neither seasonally adjusted nor calendar adjusted data,JP:Japan,5Z:Non-residents/Cross-border,S1:Total economy,S1:Total economy,N:Non-consolidated,L:Liabilities (Net Incurrence of),F:Transactions in financial assets and liabilities,F3:Debt securities,T:All original maturities,_Z:Not applicable,USD:US dollar,_T:All currencies,M:Market value,V:Current prices,N:Non transformed data,_T:Total,US dollar,Billions,2016-03-31,F:Free (free for publication),,A:Normal,0.31578030893
"BIS,WS_NA_SEC_DSS,1.0",Q.N.JP.5Z.S1.S1.N.L.F.F3.T._Z.USD._T.M.V.N._T,Q:Quarterly,N:Neither seasonally adjusted nor calendar adjusted data,JP:Japan,5Z:Non-residents/Cross-border,S1:Total economy,S1:Total economy,N:Non-consolidated,L:Liabilities (Net Incurrence of),F:Transactions in financial assets and liabilities,F3:Debt securities,T:All original maturities,_Z:Not applicable,USD:US dollar,_T:All currencies,M:Market value,V:Current prices,N:Non transformed data,_T:Total,US dollar,Billions,2016-06-30,F:Free (free for publication),,A:Normal,23.67692692454
"BIS,WS_NA_SEC_DSS,1.0",Q.N.JP.5Z.S1.S1.N.L.F.F3.T._Z.USD._T.M.V.N._T,Q:Quarterly,N:Neither seasonally adjusted nor calendar adjusted data,JP:Japan,5Z:Non-residents/Cross-border,S1:Total economy,S1:Total economy,N:Non-consolidated,L:Liabilities (Net Incurrence of),F:Transactions in financial assets and liabilities,F3:Debt securities,T:All original maturities,_Z:Not applicable,USD:US dollar,_T:All currencies,M:Market value,V:Current prices,N:Non transformed data,_T:Total,US dollar,Billions,2016-09-30,F:Free (free for publication),,A:Normal,33.74391358885
"BIS,WS_NA_SEC_DSS,1.0",Q.N.JP.5Z.S1.S1.N.L.F.F3.T._Z.USD._T.M.V.N._T,Q:Quarterly,N:Neither seasonally adjusted nor calendar adjusted data,JP:Japan,5Z:Non-residents/Cross-border,S1:Total economy,S1:Total economy,N:Non-consolidated,L:Liabilities (Net Incurrence of),F:Transactions in financial assets and liabilities,F3:Debt securities,T:All original maturities,_Z:Not applicable,USD:US dollar,_T:All currencies,M:Market value,V:Current prices,N:Non transformed data,_T:Total,US dollar,Billions,2016-12-31,F:Free (free for publication),,A:Normal,29.95593639419
"BIS,WS_NA_SEC_DSS,1.0",Q.N.JP.5Z.S1.S1.N.L.F.F3.T._Z.USD._T.M.V.N._T,Q:Quarterly,N:Neither seasonally adjusted nor calendar adjusted data,JP:Japan,5Z:Non-residents/Cross-border,S1:Total economy,S1:Total economy,N:Non-consolidated,L:Liabilities (Net Incurrence of),F:Transactions in financial assets and liabilities,F3:Debt securities,T:All original maturities,_Z:Not applicable,USD:US dollar,_T:All currencies,M:Market value,V:Current prices,N:Non transformed data,_T:Total,US dollar,Billions,2017-03-31,F:Free (free for publication),,A:Normal,26.72568741069
"BIS,WS_NA_SEC_DSS,1.0",Q.N.JP.5Z.S1.S1.N.L.F.F3.T._Z.USD._T.M.V.N._T,Q:Quarterly,N:Neither seasonally adjusted nor calendar adjusted data,JP:Japan,5Z:Non-residents/Cross-border,S1:Total economy,S1:Total economy,N:Non-consolidated,L:Liabilities (Net Incurrence of),F:Transactions in financial assets and liabilities,F3:Debt securities,T:All original maturities,_Z:Not applicable,USD:US dollar,_T:All currencies,M:Market value,V:Current prices,N:Non transformed data,_T:Total,US dollar,Billions,2017-06-30,F:Free (free for publication),,A:Normal,21.42769883786
"BIS,WS_NA_SEC_DSS,1.0",Q.N.JP.5Z.S1.S1.N.L.F.F3.T._Z.USD._T.M.V.N._T,Q:Quarterly,N:Neither seasonally adjusted nor calendar adjusted data,JP:Japan,5Z:Non-residents/Cross-border,S1:Total economy,S1:Total economy,N:Non-consolidated,L:Liabilities (Net Incurrence of),F:Transactions in financial assets and liabilities,F3:Debt securities,T:All original maturities,_Z:Not applicable,USD:US dollar,_T:All currencies,M:Market value,V:Current prices,N:Non transformed data,_T:Total,US dollar,Billions,2017-09-30,F:Free (free for publication),,A:Normal,55.65820535389
"BIS,WS_NA_SEC_DSS,1.0",Q.N.JP.5Z.S1.S1.N.L.F.F3.T._Z.USD._T.M.V.N._T,Q:Quarterly,N:Neither seasonally adjusted nor calendar adjusted data,JP:Japan,5Z:Non-residents/Cross-border,S1:Total economy,S1:Total economy,N:Non-consolidated,L:Liabilities (Net Incurrence of),F:Transactions in financial assets and liabilities,F3:Debt securities,T:All original maturities,_Z:Not applicable,USD:US dollar,_T:All currencies,M:Market value,V:Current prices,N:Non transformed data,_T:Total,US dollar,Billions,2017-12-31,F:Free (free for publication),,A:Normal,37.72803971973
"BIS,WS_NA_SEC_DSS,1.0",Q.N.JP.5Z.S1.S1.N.L.F.F3.T._Z.USD._T.M.V.N._T,Q:Quarterly,N:Neither seasonally adjusted nor calendar adjusted data,JP:Japan,5Z:Non-residents/Cross-border,S1:Total economy,S1:Total economy,N:Non-consolidated,L:Liabilities (Net Incurrence of),F:Transactions in financial assets and liabilities,F3:Debt securities,T:All original maturities,_Z:Not applicable,USD:US dollar,_T:All currencies,M:Market value,V:Current prices,N:Non transformed data,_T:Total,US dollar,Billions,2018-03-31,F:Free (free for publication),,A:Normal,-30.04325372056
"BIS,WS_NA_SEC_DSS,1.0",Q.N.JP.5Z.S1.S1.N.L.F.F3.T._Z.USD._T.M.V.N._T,Q:Quarterly,N:Neither seasonally adjusted nor calendar adjusted data,JP:Japan,5Z:Non-residents/Cross-border,S1:Total economy,S1:Total economy,N:Non-consolidated,L:Liabilities (Net Incurrence of),F:Transactions in financial assets and liabilities,F3:Debt securities,T:All original maturities,_Z:Not applicable,USD:US dollar,_T:All currencies,M:Market value,V:Current prices,N:Non transformed data,_T:Total,US dollar,Billions,2018-06-30,F:Free (free for publication),,A:Normal,61.56409966505
"BIS,WS_NA_SEC_DSS,1.0",Q.N.JP.5Z.S1.S1.N.L.F.F3.T._Z.USD._T.M.V.N._T,Q:Quarterly,N:Neither seasonally adjusted nor calendar adjusted data,JP:Japan,5Z:Non-residents/Cross-border,S1:Total economy,S1:Total economy,N:Non-consolidated,L:Liabilities (Net Incurrence of),F:Transactions in financial assets and liabilities,F3:Debt securities,T:All original maturities,_Z:Not applicable,USD:US dollar,_T:All currencies,M:Market value,V:Current prices,N:Non transformed data,_T:Total,US dollar,Billions,2018-09-30,F:Free (free for publication),,A:Normal,18.5807973023
"BIS,WS_NA_SEC_DSS,1.0",Q.N.JP.5Z.S1.S1.N.L.F.F3.T._Z.USD._T.M.V.N._T,Q:Quarterly,N:Neither seasonally adjusted nor calendar adjusted data,JP:Japan,5Z:Non-residents/Cross-border,S1:Total economy,S1:Total economy,N:Non-consolidated,L:Liabilities (Net Incurrence of),F:Transactions in financial assets and liabilities,F3:Debt securities,T:All original maturities,_Z:Not applicable,USD:US dollar,_T:All currencies,M:Market value,V:Current prices,N:Non transformed data,_T:Total,US dollar,Billions,2018-12-31,F:Free (free for publication),,A:Normal,82.37347902353
"BIS,WS_NA_SEC_DSS,1.0",Q.N.JP.5Z.S1.S1.N.L.F.F3.T._Z.USD._T.M.V.N._T,Q:Quarterly,N:Neither seasonally adjusted nor calendar adjusted data,JP:Japan,5Z:Non-residents/Cross-border,S1:Total economy,S1:Total economy,N:Non-consolidated,L:Liabilities (Net Incurrence of),F:Transactions in financial assets and liabilities,F3:Debt securities,T:All original maturities,_Z:Not applicable,USD:US dollar,_T:All currencies,M:Market value,V:Current prices,N:Non transformed data,_T:Total,US dollar,Billions,2019-03-31,F:Free (free for publication),,A:Normal,37.5891075176
"BIS,WS_NA_SEC_DSS,1.0",Q.N.JP.5Z.S1.S1.N.L.F.F3.T._Z.USD._T.M.V.N._T,Q:Quarterly,N:Neither seasonally adjusted nor calendar adjusted data,JP:Japan,5Z:Non-residents/Cross-border,S1:Total economy,S1:Total economy,N:Non-consolidated,L:Liabilities (Net Incurrence of),F:Transactions in financial assets and liabilities,F3:Debt securities,T:All original maturities,_Z:Not applicable,USD:US dollar,_T:All currencies,M:Market value,V:Current prices,N:Non transformed data,_T:Total,US dollar,Billions,2019-06-30,F:Free (free for publication),,A:Normal,21.04617413753
"BIS,WS_NA_SEC_DSS,1.0",Q.N.JP.5Z.S1.S1.N.L.F.F3.T._Z.USD._T.M.V.N._T,Q:Quarterly,N:Neither seasonally adjusted nor calendar adjusted data,JP:Japan,5Z:Non-residents/Cross-border,S1:Total economy,S1:Total economy,N:Non-consolidated,L:Liabilities (Net Incurrence of),F:Transactions in financial assets and liabilities,F3:Debt securities,T:All original maturities,_Z:Not applicable,USD:US dollar,_T:All currencies,M:Market value,V:Current prices,N:Non transformed data,_T:Total,US dollar,Billions,2019-09-30,F:Free (free for publication),,A:Normal,5.30707262713
"BIS,WS_NA_SEC_DSS,1.0",Q.N.JP.5Z.S1.S1.N.L.F.F3.T._Z.USD._T.M.V.N._T,Q:Quarterly,N:Neither seasonally adjusted nor calendar adjusted data,JP:Japan,5Z:Non-residents/Cross-border,S1:Total economy,S1:Total economy,N:Non-consolidated,L:Liabilities (Net Incurrence of),F:Transactions in financial assets and liabilities,F3:Debt securities,T:All original maturities,_Z:Not applicable,USD:US dollar,_T:All currencies,M:Market value,V:Current prices,N:Non transformed data,_T:Total,US dollar,Billions,2019-12-31,F:Free (free for publication),,A:Normal,13.75035935512
"BIS,WS_NA_SEC_DSS,1.0",Q.N.JP.5Z.S1.S1.N.L.F.F3.T._Z.USD._T.M.V.N._T,Q:Quarterly,N:Neither seasonally adjusted nor calendar adjusted data,JP:Japan,5Z:Non-residents/Cross-border,S1:Total economy,S1:Total economy,N:Non-consolidated,L:Liabilities (Net Incurrence of),F:Transactions in financial assets and liabilities,F3:Debt securities,T:All original maturities,_Z:Not applicable,USD:US dollar,_T:All currencies,M:Market value,V:Current prices,N:Non transformed data,_T:Total,US dollar,Billions,2020-03-31,F:Free (free for publication),,A:Normal,-6.61118801011
"BIS,WS_NA_SEC_DSS,1.0",Q.N.JP.5Z.S1.S1.N.L.F.F3.T._Z.USD._T.M.V.N._T,Q:Quarterly,N:Neither seasonally adjusted nor calendar adjusted data,JP:Japan,5Z:Non-residents/Cross-border,S1:Total economy,S1:Total economy,N:Non-consolidated,L:Liabilities (Net Incurrence of),F:Transactions in financial assets and liabilities,F3:Debt securities,T:All original maturities,_Z:Not applicable,USD:US dollar,_T:All currencies,M:Market value,V:Current prices,N:Non transformed data,_T:Total,US dollar,Billions,2020-06-30,F:Free (free for publication),,A:Normal,54.66611356554
"BIS,WS_NA_SEC_DSS,1.0",Q.N.JP.5Z.S1.S1.N.L.F.F3.T._Z.USD._T.M.V.N._T,Q:Quarterly,N:Neither seasonally adjusted nor calendar adjusted data,JP:Japan,5Z:Non-residents/Cross-border,S1:Total economy,S1:Total economy,N:Non-consolidated,L:Liabilities (Net Incurrence of),F:Transactions in financial assets and liabilities,F3:Debt securities,T:All original maturities,_Z:Not applicable,USD:US dollar,_T:All currencies,M:Market value,V:Current prices,N:Non transformed data,_T:Total,US dollar,Billions,2020-09-30,F:Free (free for publication),,A:Normal,63.45799001634
"BIS,WS_NA_SEC_DSS,1.0",Q.N.JP.5Z.S1.S1.N.L.F.F3.T._Z.USD._T.M.V.N._T,Q:Quarterly,N:Neither seasonally adjusted nor calendar adjusted data,JP:Japan,5Z:Non-residents/Cross-border,S1:Total economy,S1:Total economy,N:Non-consolidated,L:Liabilities (Net Incurrence of),F:Transactions in financial assets and liabilities,F3:Debt securities,T:All original maturities,_Z:Not applicable,USD:US dollar,_T:All currencies,M:Market value,V:Current prices,N:Non transformed data,_T:Total,US dollar,Billions,2020-12-31,F:Free (free for publication),,A:Normal,112.40504319634
"BIS,WS_NA_SEC_DSS,1.0",Q.N.JP.5Z.S1.S1.N.L.F.F3.T._Z.USD._T.M.V.N._T,Q:Quarterly,N:Neither seasonally adjusted nor calendar adjusted data,JP:Japan,5Z:Non-residents/Cross-border,S1:Total economy,S1:Total economy,N:Non-consolidated,L:Liabilities (Net Incurrence of),F:Transactions in financial assets and liabilities,F3:Debt securities,T:All original maturities,_Z:Not applicable,USD:US dollar,_T:All currencies,M:Market value,V:Current prices,N:Non transformed data,_T:Total,US dollar,Billions,2021-03-31,F:Free (free for publication),,A:Normal,-6.59757721507
"BIS,WS_NA_SEC_DSS,1.0",Q.N.JP.5Z.S1.S1.N.L.F.F3.T._Z.USD._T.M.V.N._T,Q:Quarterly,N:Neither seasonally adjusted nor calendar adjusted data,JP:Japan,5Z:Non-residents/Cross-border,S1:Total economy,S1:Total economy,N:Non-consolidated,L:Liabilities (Net Incurrence of),F:Transactions in financial assets and liabilities,F3:Debt securities,T:All original maturities,_Z:Not applicable,USD:US dollar,_T:All currencies,M:Market value,V:Current prices,N:Non transformed data,_T:Total,US dollar,Billions,2021-06-30,F:Free (free for publication),,A:Normal,25.44402306244
"BIS,WS_NA_SEC_DSS,1.0",Q.N.JP.5Z.S1.S1.N.L.F.F3.T._Z.USD._T.M.V.N._T,Q:Quarterly,N:Neither seasonally adjusted nor calendar adjusted data,JP:Japan,5Z:Non-residents/Cross-border,S1:Total economy,S1:Total economy,N:Non-consolidated,L:Liabilities (Net Incurrence of),F:Transactions in financial assets and liabilities,F3:Debt securities,T:All original maturities,_Z:Not applicable,USD:US dollar,_T:All currencies,M:Market value,V:Current prices,N:Non transformed data,_T:Total,US dollar,Billions,2021-09-30,F:Free (free for publication),,A:Normal,32.57939403653
"BIS,WS_NA_SEC_DSS,1.0",Q.N.JP.5Z.S1.S1.N.L.F.F3.T._Z.USD._T.M.V.N._T,Q:Quarterly,N:Neither seasonally adjusted nor calendar adjusted data,JP:Japan,5Z:Non-residents/Cross-border,S1:Total economy,S1:Total economy,N:Non-consolidated,L:Liabilities (Net Incurrence of),F:Transactions in financial assets and liabilities,F3:Debt securities,T:All original maturities,_Z:Not applicable,USD:US dollar,_T:All currencies,M:Market value,V:Current prices,N:Non transformed data,_T:Total,US dollar,Billions,2021-12-31,F:Free (free for publication),,A:Normal,111.96711371948
"BIS,WS_NA_SEC_DSS,1.0",Q.N.JP.5Z.S1.S1.N.L.F.F3.T._Z.USD._T.M.V.N._T,Q:Quarterly,N:Neither seasonally adjusted nor calendar adjusted data,JP:Japan,5Z:Non-residents/Cross-border,S1:Total economy,S1:Total economy,N:Non-consolidated,L:Liabilities (Net Incurrence of),F:Transactions in financial assets and liabilities,F3:Debt securities,T:All original maturities,_Z:Not applicable,USD:US dollar,_T:All currencies,M:Market value,V:Current prices,N:Non transformed data,_T:Total,US dollar,Billions,2022-03-31,F:Free (free for publication),,A:Normal,-67.24923664986
"BIS,WS_NA_SEC_DSS,1.0",Q.N.JP.5Z.S1.S1.N.L.F.F3.T._Z.USD._T.M.V.N._T,Q:Quarterly,N:Neither seasonally adjusted nor calendar adjusted data,JP:Japan,5Z:Non-residents/Cross-border,S1:Total economy,S1:Total economy,N:Non-consolidated,L:Liabilities (Net Incurrence of),F:Transactions in financial assets and liabilities,F3:Debt securities,T:All original maturities,_Z:Not applicable,USD:US dollar,_T:All currencies,M:Market value,V:Current prices,N:Non transformed data,_T:Total,US dollar,Billions,2022-06-30,F:Free (free for publication),,A:Normal,28.85705797943
"BIS,WS_NA_SEC_DSS,1.0",Q.N.JP.5Z.S1.S1.N.L.F.F3.T._Z.USD._T.M.V.N._T,Q:Quarterly,N:Neither seasonally adjusted nor calendar adjusted data,JP:Japan,5Z:Non-residents/Cross-border,S1:Total economy,S1:Total economy,N:Non-consolidated,L:Liabilities (Net Incurrence of),F:Transactions in financial assets and liabilities,F3:Debt securities,T:All original maturities,_Z:Not applicable,USD:US dollar,_T:All currencies,M:Market value,V:Current prices,N:Non transformed data,_T:Total,US dollar,Billions,2022-09-30,F:Free (free for publication),,A:Normal,31.74611762486
"BIS,WS_NA_SEC_DSS,1.0",Q.N.JP.5Z.S1.S1.N.L.F.F3.T._Z.USD._T.M.V.N._T,Q:Quarterly,N:Neither seasonally adjusted nor calendar adjusted data,JP:Japan,5Z:Non-residents/Cross-border,S1:Total economy,S1:Total economy,N:Non-consolidated,L:Liabilities (Net Incurrence of),F:Transactions in financial assets and liabilities,F3:Debt securities,T:All original maturities,_Z:Not applicable,USD:US dollar,_T:All currencies,M:Market value,V:Current prices,N:Non transformed data,_T:Total,US dollar,Billions,2022-12-31,F:Free (free for publication),,A:Normal,-34.19071452806
"BIS,WS_NA_SEC_DSS,1.0",Q.N.JP.5Z.S1.S1.N.L.F.F3.T._Z.USD._T.M.V.N._T,Q:Quarterly,N:Neither seasonally adjusted nor calendar adjusted data,JP:Japan,5Z:Non-residents/Cross-border,S1:Total economy,S1:Total economy,N:Non-consolidated,L:Liabilities (Net Incurrence of),F:Transactions in financial assets and liabilities,F3:Debt securities,T:All original maturities,_Z:Not applicable,USD:US dollar,_T:All currencies,M:Market value,V:Current prices,N:Non transformed data,_T:Total,US dollar,Billions,2023-03-31,F:Free (free for publication),,A:Normal,-0.29091773642
"BIS,WS_NA_SEC_DSS,1.0",Q.N.JP.5Z.S1.S1.N.L.F.F3.T._Z.USD._T.M.V.N._T,Q:Quarterly,N:Neither seasonally adjusted nor calendar adjusted data,JP:Japan,5Z:Non-residents/Cross-border,S1:Total economy,S1:Total economy,N:Non-consolidated,L:Liabilities (Net Incurrence of),F:Transactions in financial assets and liabilities,F3:Debt securities,T:All original maturities,_Z:Not applicable,USD:US dollar,_T:All currencies,M:Market value,V:Current prices,N:Non transformed data,_T:Total,US dollar,Billions,2023-06-30,F:Free (free for publication),,A:Normal,26.51097700875
"BIS,WS_NA_SEC_DSS,1.0",Q.N.JP.5Z.S1.S1.N.L.F.F3.T._Z.USD._T.M.V.N._T,Q:Quarterly,N:Neither seasonally adjusted nor calendar adjusted data,JP:Japan,5Z:Non-residents/Cross-border,S1:Total economy,S1:Total economy,N:Non-consolidated,L:Liabilities (Net Incurrence of),F:Transactions in financial assets and liabilities,F3:Debt securities,T:All original maturities,_Z:Not applicable,USD:US dollar,_T:All currencies,M:Market value,V:Current prices,N:Non transformed data,_T:Total,US dollar,Billions,2023-09-30,F:Free (free for publication),,A:Normal,-103.12438661
"BIS,WS_NA_SEC_DSS,1.0",Q.N.JP.5Z.S1.S1.N.L.F.F3.T._Z.USD._T.M.V.N._T,Q:Quarterly,N:Neither seasonally adjusted nor calendar adjusted data,JP:Japan,5Z:Non-residents/Cross-border,S1:Total economy,S1:Total economy,N:Non-consolidated,L:Liabilities (Net Incurrence of),F:Transactions in financial assets and liabilities,F3:Debt securities,T:All original maturities,_Z:Not applicable,USD:US dollar,_T:All currencies,M:Market value,V:Current prices,N:Non transformed data,_T:Total,US dollar,Billions,2023-12-31,F:Free (free for publication),,A:Normal,-0.30263139211
"BIS,WS_NA_SEC_DSS,1.0",Q.N.JP.5Z.S1.S1.N.L.F.F3.T._Z.USD._T.M.V.N._T,Q:Quarterly,N:Neither seasonally adjusted nor calendar adjusted data,JP:Japan,5Z:Non-residents/Cross-border,S1:Total economy,S1:Total economy,N:Non-consolidated,L:Liabilities (Net Incurrence of),F:Transactions in financial assets and liabilities,F3:Debt securities,T:All original maturities,_Z:Not applicable,USD:US dollar,_T:All currencies,M:Market value,V:Current prices,N:Non transformed data,_T:Total,US dollar,Billions,2024-03-31,F:Free (free for publication),,A:Normal,44.86946128397
"BIS,WS_NA_SEC_DSS,1.0",Q.N.JP.5Z.S1.S1.N.L.F.F3.T._Z.USD._T.M.V.N._T,Q:Quarterly,N:Neither seasonally adjusted nor calendar adjusted data,JP:Japan,5Z:Non-residents/Cross-border,S1:Total economy,S1:Total economy,N:Non-consolidated,L:Liabilities (Net Incurrence of),F:Transactions in financial assets and liabilities,F3:Debt securities,T:All original maturities,_Z:Not applicable,USD:US dollar,_T:All currencies,M:Market value,V:Current prices,N:Non transformed data,_T:Total,US dollar,Billions,2024-06-30,F:Free (free for publication),,A:Normal,-67.36895137761
"BIS,WS_NA_SEC_DSS,1.0",Q.N.JP.5Z.S1.S1.N.L.F.F3.T._Z.USD._T.M.V.N._T,Q:Quarterly,N:Neither seasonally adjusted nor calendar adjusted data,JP:Japan,5Z:Non-residents/Cross-border,S1:Total economy,S1:Total economy,N:Non-consolidated,L:Liabilities (Net Incurrence of),F:Transactions in financial assets and liabilities,F3:Debt securities,T:All original maturities,_Z:Not applicable,USD:US dollar,_T:All currencies,M:Market value,V:Current prices,N:Non transformed data,_T:Total,US dollar,Billions,2024-09-30,F:Free (free for publication),,A:Normal,-51.67668802289
