DATE,CPI_All_Items_BIS
2000-01-31,102.724556
2000-02-29,102.408156
2000-03-31,102.619089
2000-04-30,102.830023
2000-05-31,102.93549
2000-06-30,102.724556
2000-07-31,102.408156
2000-08-31,102.724556
2000-09-30,102.619089
2000-10-31,102.619089
2000-11-30,102.302689
2000-12-31,102.408156
2001-01-31,102.408156
2001-02-28,102.091756
2001-03-31,101.986289
2001-04-30,102.091756
2001-05-31,102.197223
2001-06-30,101.986289
2001-07-31,101.669889
2001-08-31,101.986289
2001-09-30,101.880823
2001-10-31,101.880823
2001-11-30,101.353489
2001-12-31,101.248023
2002-01-31,101.037089
2002-02-28,100.509756
2002-03-31,100.720689
2002-04-30,101.037089
2002-05-31,101.353489
2002-06-30,101.248023
2002-07-31,100.826156
2002-08-31,101.142556
2002-09-30,101.142556
2002-10-31,100.931622
2002-11-30,100.931622
2002-12-31,100.931622
2003-01-31,100.615222
2003-02-28,100.298822
2003-03-31,100.615222
2003-04-30,100.931622
2003-05-31,101.142556
2003-06-30,100.826156
2003-07-31,100.615222
2003-08-31,100.826156
2003-09-30,100.931622
2003-10-31,100.931622
2003-11-30,100.404289
2003-12-31,100.509756
2004-01-31,100.298822
2004-02-29,100.298822
2004-03-31,100.509756
2004-04-30,100.509756
2004-05-31,100.615222
2004-06-30,100.826156
2004-07-31,100.509756
2004-08-31,100.615222
2004-09-30,100.931622
2004-10-31,101.458956
2004-11-30,101.248023
2004-12-31,100.720689
2005-01-31,100.509756
2005-02-28,100.193356
2005-03-31,100.509756
2005-04-30,100.615222
2005-05-31,100.720689
2005-06-30,100.298822
2005-07-31,100.193356
2005-08-31,100.298822
2005-09-30,100.615222
2005-10-31,100.615222
2005-11-30,100.193356
2005-12-31,100.298822
2006-01-31,100.404289
2006-02-28,100.087889
2006-03-31,100.298822
2006-04-30,100.509756
2006-05-31,100.826156
2006-06-30,100.826156
2006-07-31,100.509756
2006-08-31,101.248023
2006-09-30,101.248023
2006-10-31,101.037089
2006-11-30,100.509756
2006-12-31,100.615222
2007-01-31,100.404289
2007-02-28,99.876956
2007-03-31,100.193356
2007-04-30,100.509756
2007-05-31,100.826156
2007-06-30,100.615222
2007-07-31,100.509756
2007-08-31,101.037089
2007-09-30,101.037089
2007-10-31,101.248023
2007-11-30,101.142556
2007-12-31,101.248023
2008-01-31,101.142556
2008-02-29,100.931622
2008-03-31,101.353489
2008-04-30,101.248023
2008-05-31,102.091756
2008-06-30,102.619089
2008-07-31,102.830023
2008-08-31,103.146423
2008-09-30,103.146423
2008-10-31,103.040956
2008-11-30,102.091756
2008-12-31,101.669889
2009-01-31,101.142556
2009-02-28,100.826156
2009-03-31,101.142556
2009-04-30,101.248023
2009-05-31,101.037089
2009-06-30,100.826156
2009-07-31,100.509756
2009-08-31,100.826156
2009-09-30,100.826156
2009-10-31,100.404289
2009-11-30,100.193356
2009-12-31,99.982422
2010-01-31,100.087889
2010-02-28,100.087889
2010-03-31,100.298822
2010-04-30,100.298822
2010-05-31,100.298822
2010-06-30,100.087889
2010-07-31,99.560555
2010-08-31,99.666022
2010-09-30,99.876956
2010-10-31,100.193356
2010-11-30,99.876956
2010-12-31,99.666022
2011-01-31,99.560555
2011-02-28,99.560555
2011-03-31,99.771489
2011-04-30,99.876956
2011-05-31,99.876956
2011-06-30,99.771489
2011-07-31,99.771489
2011-08-31,99.876956
2011-09-30,99.876956
2011-10-31,99.982422
2011-11-30,99.349622
2011-12-31,99.455089
2012-01-31,99.666022
2012-02-29,99.876956
2012-03-31,100.298822
2012-04-30,100.404289
2012-05-31,100.087889
2012-06-30,99.560555
2012-07-31,99.244155
2012-08-31,99.455089
2012-09-30,99.560555
2012-10-31,99.560555
2012-11-30,99.244155
2012-12-31,99.244155
2013-01-31,99.349622
2013-02-28,99.138689
2013-03-31,99.349622
2013-04-30,99.666022
2013-05-31,99.771489
2013-06-30,99.771489
2013-07-31,99.982422
2013-08-31,100.298822
2013-09-30,100.615222
2013-10-31,100.720689
2013-11-30,100.720689
2013-12-31,100.826156
2014-01-31,100.720689
2014-02-28,100.720689
2014-03-31,100.931622
2014-04-30,103.040956
2014-05-31,103.462823
2014-06-30,103.357356
2014-07-31,103.462823
2014-08-31,103.673756
2014-09-30,103.88469
2014-10-31,103.56829
2014-11-30,103.25189
2014-12-31,103.25189
2015-01-31,103.146423
2015-02-28,102.93549
2015-03-31,103.25189
2015-04-30,103.779223
2015-05-31,104.095623
2015-06-30,103.779223
2015-07-31,103.673756
2015-08-31,103.779223
2015-09-30,103.88469
2015-10-31,103.88469
2015-11-30,103.462823
2015-12-31,103.462823
2016-01-31,103.040956
2016-02-29,103.146423
2016-03-31,103.25189
2016-04-30,103.462823
2016-05-31,103.56829
2016-06-30,103.462823
2016-07-31,103.25189
2016-08-31,103.25189
2016-09-30,103.357356
2016-10-31,103.990156
2016-11-30,103.990156
2016-12-31,103.779223
2017-01-31,103.56829
2017-02-28,103.462823
2017-03-31,103.462823
2017-04-30,103.88469
2017-05-31,103.990156
2017-06-30,103.88469
2017-07-31,103.673756
2017-08-31,103.88469
2017-09-30,104.20109
2017-10-31,104.20109
2017-11-30,104.51749
2017-12-31,104.83389
2018-01-31,104.939357
2018-02-28,104.939357
2018-03-31,104.622957
2018-04-30,104.51749
2018-05-31,104.728423
2018-06-30,104.622957
2018-07-31,104.622957
2018-08-31,105.255757
2018-09-30,105.361223
2018-10-31,105.677623
2018-11-30,105.46669
2018-12-31,105.15029
2019-01-31,105.15029
2019-02-28,105.15029
2019-03-31,105.15029
2019-04-30,105.46669
2019-05-31,105.46669
2019-06-30,105.255757
2019-07-31,105.255757
2019-08-31,105.46669
2019-09-30,105.572157
2019-10-31,105.888557
2019-11-30,105.994024
2019-12-31,105.994024
2020-01-31,105.994024
2020-02-29,105.78309
2020-03-31,105.78309
2020-04-30,105.677623
2020-05-31,105.572157
2020-06-30,105.361223
2020-07-31,105.46669
2020-08-31,105.572157
2020-09-30,105.361223
2020-10-31,105.255757
2020-11-30,104.939357
2020-12-31,104.728423
2021-01-31,105.255757
2021-02-28,105.255757
2021-03-31,105.361223
2021-04-30,104.51749
2021-05-31,104.83389
2021-06-30,104.939357
2021-07-31,105.15029
2021-08-31,105.15029
2021-09-30,105.572157
2021-10-31,105.361223
2021-11-30,105.572157
2021-12-31,105.572157
2022-01-31,105.78309
2022-02-28,106.204957
2022-03-31,106.626824
2022-04-30,107.04869
2022-05-31,107.365091
2022-06-30,107.365091
2022-07-31,107.892424
2022-08-31,108.314291
2022-09-30,108.736157
2022-10-31,109.368958
2022-11-30,109.579891
2022-12-31,109.790824
2023-01-31,110.423625
2023-02-28,109.685358
2023-03-31,110.107224
2023-04-30,110.845491
2023-05-31,110.845491
2023-06-30,110.950958
2023-07-31,111.478291
2023-08-31,111.689225
2023-09-30,112.005625
2023-10-31,112.954825
2023-11-30,112.743892
2023-12-31,112.638425
