DATE,M2_Money_Supply_FRED
2000-01-31,623791.7
2000-02-29,623599.7
2000-03-31,624794.3
2000-04-30,628892.6
2000-05-31,627928.2
2000-06-30,628445.4
2000-07-31,629479.1
2000-08-31,630006.2
2000-09-30,631221.4
2000-10-31,633586.0
2000-11-30,633784.7
2000-12-31,635905.8
2001-01-31,637630.3
2001-02-28,639548.4
2001-03-31,640592.5
2001-04-30,643277.6
2001-05-31,644624.0
2001-06-30,646253.9
2001-07-31,647863.2
2001-08-31,648700.9
2001-09-30,650808.2
2001-10-31,651700.2
2001-11-30,652752.6
2001-12-31,657681.9
2002-01-31,660284.4
2002-02-28,662055.4
2002-03-31,664371.0
2002-04-30,666202.4
2002-05-31,667117.6
2002-06-30,668097.8
2002-07-31,668993.2
2002-08-31,670646.7
2002-09-30,671129.5
2002-10-31,672843.2
2002-11-30,673356.3
2002-12-31,672766.8
2003-01-31,673713.3
2003-02-28,674891.8
2003-03-31,675592.0
2003-04-30,672662.8
2003-05-31,674620.2
2003-06-30,676601.0
2003-07-31,677502.2
2003-08-31,680230.7
2003-09-30,678956.3
2003-10-31,679563.7
2003-11-30,680041.0
2003-12-31,680286.7
2004-01-31,681748.7
2004-02-29,683369.1
2004-03-31,684390.2
2004-04-30,685289.2
2004-05-31,688092.7
2004-06-30,688493.0
2004-07-31,690147.5
2004-08-31,692896.3
2004-09-30,692121.9
2004-10-31,692885.8
2004-11-30,693380.2
2004-12-31,694130.9
2005-01-31,695103.0
2005-02-28,695733.8
2005-03-31,698258.3
2005-04-30,697487.7
2005-05-31,698360.0
2005-06-30,699609.6
2005-07-31,701726.2
2005-08-31,704059.7
2005-09-30,705682.3
2005-10-31,706166.9
2005-11-30,707194.3
2005-12-31,707270.4
2006-01-31,707248.4
2006-02-28,707432.4
2006-03-31,707741.4
2006-04-30,708574.3
2006-05-31,707658.4
2006-06-30,707096.3
2006-07-31,705547.4
2006-08-31,707174.5
2006-09-30,709316.8
2006-10-31,710062.1
2006-11-30,711341.4
2006-12-31,712343.0
2007-01-31,713579.1
2007-02-28,714287.3
2007-03-31,715368.4
2007-04-30,716718.1
2007-05-31,717993.3
2007-06-30,719441.1
2007-07-31,720107.3
2007-08-31,719585.8
2007-09-30,721575.9
2007-10-31,723472.5
2007-11-30,725689.0
2007-12-31,727505.6
2008-01-31,729017.8
2008-02-29,730911.5
2008-03-31,731568.4
2008-04-30,730218.8
2008-05-31,732683.4
2008-06-30,734958.0
2008-07-31,735459.1
2008-08-31,736727.7
2008-09-30,737264.1
2008-10-31,736410.4
2008-11-30,738797.3
2008-12-31,741154.1
2009-01-31,743672.5
2009-02-28,746639.1
2009-03-31,748233.0
2009-04-30,749692.9
2009-05-31,752040.2
2009-06-30,753133.5
2009-07-31,755400.6
2009-08-31,757304.1
2009-09-30,759123.2
2009-10-31,761031.2
2009-11-30,763003.9
2009-12-31,764212.2
2010-01-31,766254.3
2010-02-28,767507.5
2010-03-31,768505.6
2010-04-30,771070.1
2010-05-31,775214.1
2010-06-30,774772.0
2010-07-31,775922.9
2010-08-31,778410.9
2010-09-30,780144.2
2010-10-31,781847.4
2010-11-30,782422.9
2010-12-31,782124.8
2011-01-31,784191.3
2011-02-28,786271.6
2011-03-31,788467.4
2011-04-30,791857.6
2011-05-31,796042.3
2011-06-30,796635.3
2011-07-31,798703.7
2011-08-31,799518.6
2011-09-30,801521.3
2011-10-31,803731.4
2011-11-30,805684.8
2011-12-31,806454.8
2012-01-31,808053.1
2012-02-29,809353.5
2012-03-31,811535.5
2012-04-30,812562.4
2012-05-31,813517.2
2012-06-30,814609.7
2012-07-31,817155.5
2012-08-31,819331.6
2012-09-30,821119.2
2012-10-31,822064.9
2012-11-30,822401.3
2012-12-31,826626.6
2013-01-31,829400.1
2013-02-28,832728.7
2013-03-31,836299.0
2013-04-30,838721.6
2013-05-31,841970.1
2013-06-30,845781.5
2013-07-31,848105.1
2013-08-31,850579.7
2013-09-30,853221.4
2013-10-31,856068.6
2013-11-30,857764.6
2013-12-31,860992.6
2014-01-31,864710.9
2014-02-28,865372.8
2014-03-31,866239.6
2014-04-30,868091.8
2014-05-31,869528.3
2014-06-30,871765.9
2014-07-31,873699.7
2014-08-31,876001.3
2014-09-30,879801.1
2014-10-31,883280.2
2014-11-30,888003.5
2014-12-31,891360.0
2015-01-31,893554.7
2015-02-28,895584.3
2015-03-31,897942.5
2015-04-30,899974.6
2015-05-31,905085.2
2015-06-30,906294.6
2015-07-31,909245.0
2015-08-31,912552.1
2015-09-30,913466.7
2015-10-31,915511.4
2015-11-30,917338.9
2015-12-31,918860.8
2016-01-31,921563.6
2016-02-29,924250.3
2016-03-31,926806.6
2016-04-30,931215.5
2016-05-31,936066.5
2016-06-30,937754.4
2016-07-31,940137.9
2016-08-31,942082.6
2016-09-30,945826.5
2016-10-31,949202.0
2016-11-30,953066.3
2016-12-31,956012.4
2017-01-31,959171.0
2017-02-28,963218.7
2017-03-31,
2017-04-30,
2017-05-31,
2017-06-30,
2017-07-31,
2017-08-31,
2017-09-30,
2017-10-31,
2017-11-30,
2017-12-31,
2018-01-31,
2018-02-28,
2018-03-31,
2018-04-30,
2018-05-31,
2018-06-30,
2018-07-31,
2018-08-31,
2018-09-30,
2018-10-31,
2018-11-30,
2018-12-31,
2019-01-31,
2019-02-28,
2019-03-31,
2019-04-30,
2019-05-31,
2019-06-30,
2019-07-31,
2019-08-31,
2019-09-30,
2019-10-31,
2019-11-30,
2019-12-31,
2020-01-31,
2020-02-29,
2020-03-31,
2020-04-30,
2020-05-31,
2020-06-30,
2020-07-31,
2020-08-31,
2020-09-30,
2020-10-31,
2020-11-30,
2020-12-31,
2021-01-31,
2021-02-28,
2021-03-31,
2021-04-30,
2021-05-31,
2021-06-30,
2021-07-31,
2021-08-31,
2021-09-30,
2021-10-31,
2021-11-30,
2021-12-31,
2022-01-31,
2022-02-28,
2022-03-31,
2022-04-30,
2022-05-31,
2022-06-30,
2022-07-31,
2022-08-31,
2022-09-30,
2022-10-31,
2022-11-30,
2022-12-31,
2023-01-31,
2023-02-28,
2023-03-31,
2023-04-30,
2023-05-31,
2023-06-30,
2023-07-31,
2023-08-31,
2023-09-30,
2023-10-31,
2023-11-30,
2023-12-31,
