DATE,2Y_Yield
2000-01-31,6.44
2000-02-29,6.61
2000-03-31,6.53
2000-04-30,6.4
2000-05-31,6.81
2000-06-30,6.48
2000-07-31,6.34
2000-08-31,6.23
2000-09-30,6.08
2000-10-31,5.91
2000-11-30,5.88
2000-12-31,5.35
2001-01-31,4.76
2001-02-28,4.66
2001-03-31,4.34
2001-04-30,4.23
2001-05-31,4.26
2001-06-30,4.08
2001-07-31,4.04
2001-08-31,3.76
2001-09-30,3.12
2001-10-31,2.73
2001-11-30,2.78
2001-12-31,3.11
2002-01-31,3.03
2002-02-28,3.02
2002-03-31,3.56
2002-04-30,3.42
2002-05-31,3.26
2002-06-30,2.99
2002-07-31,2.56
2002-08-31,2.13
2002-09-30,2.0
2002-10-31,1.91
2002-11-30,1.92
2002-12-31,1.84
2003-01-31,1.74
2003-02-28,1.63
2003-03-31,1.57
2003-04-30,1.62
2003-05-31,1.42
2003-06-30,1.23
2003-07-31,1.47
2003-08-31,1.86
2003-09-30,1.71
2003-10-31,1.75
2003-11-30,1.93
2003-12-31,1.91
2004-01-31,1.76
2004-02-29,1.74
2004-03-31,1.58
2004-04-30,2.07
2004-05-31,2.53
2004-06-30,2.76
2004-07-31,2.64
2004-08-31,2.51
2004-09-30,2.53
2004-10-31,2.58
2004-11-30,2.85
2004-12-31,3.01
2005-01-31,3.22
2005-02-28,3.38
2005-03-31,3.73
2005-04-30,3.65
2005-05-31,3.64
2005-06-30,3.64
2005-07-31,3.87
2005-08-31,4.04
2005-09-30,3.95
2005-10-31,4.27
2005-11-30,4.42
2005-12-31,4.4
2006-01-31,4.4
2006-02-28,4.67
2006-03-31,4.73
2006-04-30,4.89
2006-05-31,4.97
2006-06-30,5.12
2006-07-31,5.12
2006-08-31,4.9
2006-09-30,4.77
2006-10-31,4.8
2006-11-30,4.74
2006-12-31,4.67
2007-01-31,4.88
2007-02-28,4.85
2007-03-31,4.57
2007-04-30,4.67
2007-05-31,4.77
2007-06-30,4.98
2007-07-31,4.82
2007-08-31,4.31
2007-09-30,4.01
2007-10-31,3.97
2007-11-30,3.34
2007-12-31,3.12
2008-01-31,2.48
2008-02-29,1.97
2008-03-31,1.62
2008-04-30,2.05
2008-05-31,2.45
2008-06-30,2.77
2008-07-31,2.57
2008-08-31,2.42
2008-09-30,2.08
2008-10-31,1.61
2008-11-30,1.21
2008-12-31,0.82
2009-01-31,0.81
2009-02-28,0.98
2009-03-31,0.93
2009-04-30,0.93
2009-05-31,0.93
2009-06-30,1.18
2009-07-31,1.02
2009-08-31,1.12
2009-09-30,0.96
2009-10-31,0.95
2009-11-30,0.8
2009-12-31,0.87
2010-01-31,0.93
2010-02-28,0.86
2010-03-31,0.96
2010-04-30,1.06
2010-05-31,0.83
2010-06-30,0.72
2010-07-31,0.62
2010-08-31,0.52
2010-09-30,0.48
2010-10-31,0.38
2010-11-30,0.45
2010-12-31,0.62
2011-01-31,0.61
2011-02-28,0.77
2011-03-31,0.7
2011-04-30,0.73
2011-05-31,0.56
2011-06-30,0.41
2011-07-31,0.41
2011-08-31,0.23
2011-09-30,0.21
2011-10-31,0.28
2011-11-30,0.25
2011-12-31,0.26
2012-01-31,0.24
2012-02-29,0.28
2012-03-31,0.34
2012-04-30,0.29
2012-05-31,0.29
2012-06-30,0.29
2012-07-31,0.25
2012-08-31,0.27
2012-09-30,0.26
2012-10-31,0.28
2012-11-30,0.27
2012-12-31,0.26
2013-01-31,0.27
2013-02-28,0.27
2013-03-31,0.26
2013-04-30,0.23
2013-05-31,0.25
2013-06-30,0.33
2013-07-31,0.34
2013-08-31,0.36
2013-09-30,0.4
2013-10-31,0.34
2013-11-30,0.3
2013-12-31,0.34
2014-01-31,0.39
2014-02-28,0.33
2014-03-31,0.4
2014-04-30,0.42
2014-05-31,0.39
2014-06-30,0.45
2014-07-31,0.51
2014-08-31,0.47
2014-09-30,0.57
2014-10-31,0.45
2014-11-30,0.53
2014-12-31,0.64
2015-01-31,0.55
2015-02-28,0.62
2015-03-31,0.64
2015-04-30,0.54
2015-05-31,0.61
2015-06-30,0.69
2015-07-31,0.67
2015-08-31,0.7
2015-09-30,0.71
2015-10-31,0.64
2015-11-30,0.88
2015-12-31,0.98
2016-01-31,0.9
2016-02-29,0.73
2016-03-31,0.88
2016-04-30,0.77
2016-05-31,0.82
2016-06-30,0.73
2016-07-31,0.67
2016-08-31,0.74
2016-09-30,0.77
2016-10-31,0.84
2016-11-30,0.98
2016-12-31,1.2
2017-01-31,1.21
2017-02-28,1.2
2017-03-31,1.31
2017-04-30,1.24
2017-05-31,1.3
2017-06-30,1.34
2017-07-31,1.37
2017-08-31,1.34
2017-09-30,1.38
2017-10-31,1.55
2017-11-30,1.7
2017-12-31,1.84
2018-01-31,2.03
2018-02-28,2.18
2018-03-31,2.28
2018-04-30,2.38
2018-05-31,2.51
2018-06-30,2.53
2018-07-31,2.61
2018-08-31,2.64
2018-09-30,2.77
2018-10-31,2.86
2018-11-30,2.86
2018-12-31,2.68
2019-01-31,2.54
2019-02-28,2.5
2019-03-31,2.41
2019-04-30,2.34
2019-05-31,2.21
2019-06-30,1.81
2019-07-31,1.84
2019-08-31,1.57
2019-09-30,1.65
2019-10-31,1.55
2019-11-30,1.61
2019-12-31,1.61
2020-01-31,1.52
2020-02-29,1.33
2020-03-31,0.45
2020-04-30,0.22
2020-05-31,0.17
2020-06-30,0.19
2020-07-31,0.15
2020-08-31,0.14
2020-09-30,0.13
2020-10-31,0.15
2020-11-30,0.17
2020-12-31,0.14
2021-01-31,0.13
2021-02-28,0.12
2021-03-31,0.15
2021-04-30,0.16
2021-05-31,0.16
2021-06-30,0.2
2021-07-31,0.22
2021-08-31,0.22
2021-09-30,0.24
2021-10-31,0.39
2021-11-30,0.51
2021-12-31,0.68
2022-01-31,0.98
2022-02-28,1.44
2022-03-31,1.91
2022-04-30,2.54
2022-05-31,2.62
2022-06-30,3.0
2022-07-31,3.04
2022-08-31,3.25
2022-09-30,3.86
2022-10-31,4.38
2022-11-30,4.5
2022-12-31,4.29
2023-01-31,4.21
2023-02-28,4.53
2023-03-31,4.3
2023-04-30,4.02
2023-05-31,4.13
2023-06-30,4.64
2023-07-31,4.83
2023-08-31,4.9
2023-09-30,5.02
2023-10-31,5.07
2023-11-30,4.88
2023-12-31,4.46
