DATE,BIS_Balance_Sheet
2000-01-31,595.140415283
2000-02-29,588.664560384
2000-03-31,579.453907347
2000-04-30,608.138864815
2000-05-31,594.89577261
2000-06-30,589.558567904
2000-07-31,584.639523862
2000-08-31,582.758767172
2000-09-30,583.122853997
2000-10-31,582.453936733
2000-11-30,597.282485174
2000-12-31,619.723887818
2001-01-31,596.07198606
2001-02-28,601.086425511
2001-03-31,598.010476386
2001-04-30,603.250333484
2001-05-31,632.093729087
2001-06-30,613.887484989
2001-07-31,630.973290104
2001-08-31,625.16036606
2001-09-30,638.318219395
2001-10-31,649.682494649
2001-11-30,648.787223693
2001-12-31,662.945477185
2002-01-31,657.668664275
2002-02-28,658.102736782
2002-03-31,659.092443937
2002-04-30,663.456947302
2002-05-31,697.224734975
2002-06-30,687.159591416
2002-07-31,680.546008297
2002-08-31,679.262656956
2002-09-30,681.578481921
2002-10-31,692.546505843
2002-11-30,697.940930785
2002-12-31,732.059222043
2003-01-31,712.80853293
2003-02-28,721.98035177
2003-03-31,725.019055518
2003-04-30,746.293867352
2003-05-31,744.895759292
2003-06-30,744.018200798
2003-07-31,740.294968546
2003-08-31,740.637097709
2003-09-30,741.192966933
2003-10-31,747.271765291
2003-11-30,756.964042503
2003-12-31,771.550716929
2004-01-31,755.278794981
2004-02-29,750.666175862
2004-03-31,760.725432477
2004-04-30,772.927499786
2004-05-31,771.107674363
2004-06-30,779.577875597
2004-07-31,773.916365812
2004-08-31,775.437137913
2004-09-30,786.329724904
2004-10-31,791.336201209
2004-11-30,809.956368694
2004-12-31,810.944416398
2005-01-31,807.261812838
2005-02-28,804.576046166
2005-03-31,807.551459892
2005-04-30,809.796759044
2005-05-31,810.160281174
2005-06-30,810.081510234
2005-07-31,814.258546472
2005-08-31,823.236946213
2005-09-30,823.771126055
2005-10-31,819.10497608
2005-11-30,835.059305883
2005-12-31,847.700317495
2006-01-31,828.901465183
2006-02-28,840.555317977
2006-03-31,833.675446191
2006-04-30,844.571939687
2006-05-31,851.580205862
2006-06-30,844.436305294
2006-07-31,841.551654371
2006-08-31,850.924569415
2006-09-30,849.971369099
2006-10-31,852.648255976
2006-11-30,856.670912018
2006-12-31,869.987636937
2007-01-31,865.730007844
2007-02-28,877.409426617
2007-03-31,869.803397355
2007-04-30,879.685663004
2007-05-31,876.985590057
2007-06-30,865.105327844
2007-07-31,863.889725945
2007-08-31,872.872821362
2007-09-30,889.899753235
2007-10-31,883.384761428
2007-11-30,879.416884466
2007-12-31,890.662142938
2008-01-31,900.263808683
2008-02-29,893.825241787
2008-03-31,893.965140181
2008-04-30,888.130820742
2008-05-31,904.054144776
2008-06-30,892.712990543
2008-07-31,918.625377401
2008-08-31,909.981929815
2008-09-30,1211.82508312
2008-10-31,1969.08592458
2008-11-30,2106.11695277
2008-12-31,2239.45691467
2009-01-31,1927.08240248
2009-02-28,1916.11544407
2009-03-31,2071.55551558
2009-04-30,2066.71157764
2009-05-31,2080.1151212
2009-06-30,2025.57102351
2009-07-31,2000.54717205
2009-08-31,2074.90150494
2009-09-30,2141.01966517
2009-10-31,2161.53719779
2009-11-30,2206.35926646
2009-12-31,2234.0668882
2010-01-31,2246.88569672
2010-02-28,2286.12677101
2010-03-31,2307.15013986
2010-04-30,2330.47224025
2010-05-31,2334.04146738
2010-06-30,2330.85061771
2010-07-31,2325.29811537
2010-08-31,2301.01535085
2010-09-30,2298.69136958
2010-10-31,2295.39204536
2010-11-30,2346.00089746
2010-12-31,2420.56950683
2011-01-31,2443.52719133
2011-02-28,2533.2206954
2011-03-31,2622.52338536
2011-04-30,2690.98484766
2011-05-31,2774.99590364
2011-06-30,2865.2507091
2011-07-31,2863.5762295
2011-08-31,2853.887891
2011-09-30,2850.92145802
2011-10-31,2845.68490474
2011-11-30,2814.23457983
2011-12-31,2926.0949914
2012-01-31,2919.54507473
2012-02-29,2925.72232972
2012-03-31,2878.13665736
2012-04-30,2866.56128045
2012-05-31,2842.6541329
2012-06-30,2863.54676222
2012-07-31,2846.7566725
2012-08-31,2812.80587602
2012-09-30,2804.45690212
2012-10-31,2823.13681913
2012-11-30,2851.3622556
2012-12-31,2907.30031002
2013-01-31,3008.70408431
2013-02-28,3090.59952199
2013-03-31,3202.25554816
2013-04-30,3318.649327
2013-05-31,3385.12782224
2013-06-30,3478.67209977
2013-07-31,3571.79692968
2013-08-31,3644.45635143
2013-09-30,3734.01789552
2013-10-31,3843.39638499
2013-11-30,3925.87636523
2013-12-31,4032.57546119
2014-01-31,4102.13848569
2014-02-28,4159.97241784
2014-03-31,4226.97139601
2014-04-30,4296.04904115
2014-05-31,4322.65446817
2014-06-30,4368.34781037
2014-07-31,4406.63691949
2014-08-31,4413.73635663
2014-09-30,4459.05026014
2014-10-31,4486.75385886
2014-11-30,4485.93086819
2014-12-31,4497.65963507
2015-01-31,4500.06433616
2015-02-28,4486.72463628
2015-03-31,4480.60297746
2015-04-30,4471.49903706
2015-05-31,4463.98126396
2015-06-30,4495.05469757
2015-07-31,4485.47970858
2015-08-31,4475.10500976
2015-09-30,4484.11106339
2015-10-31,4489.33886235
2015-11-30,4477.08796603
2015-12-31,4486.58699491
2016-01-31,4482.34928711
2016-02-29,4489.79554835
2016-03-31,4482.84049722
2016-04-30,4474.66541472
2016-05-31,4461.1113097
2016-06-30,4466.48174158
2016-07-31,4464.49819482
2016-08-31,4457.90719212
2016-09-30,4452.00165186
2016-10-31,4454.32566349
2016-11-30,4446.30679097
2016-12-31,4451.45083942
2017-01-31,4452.83778776
2017-02-28,4468.70249893
2017-03-31,4469.61786497
2017-04-30,4470.14165903
2017-05-31,4459.91379109
2017-06-30,4463.34693556
2017-07-31,4465.28426092
2017-08-31,4452.36028699
2017-09-30,4455.66137822
2017-10-31,4461.11746039
2017-11-30,4438.5923795
2017-12-31,4448.67965358
2018-01-31,4419.22536239
2018-02-28,4393.4008282
2018-03-31,4392.19824808
2018-04-30,4372.88612432
2018-05-31,4327.51922107
2018-06-30,4305.49062267
2018-07-31,4277.68112036
2018-08-31,4218.91416096
2018-09-30,4192.90946824
2018-10-31,4139.73072122
2018-11-30,4097.16954517
2018-12-31,4075.63631352
2019-01-31,4039.67800847
2019-02-28,3974.59024659
2019-03-31,3955.61689919
2019-04-30,3928.27316978
2019-05-31,3851.44428011
2019-06-30,3826.81650228
2019-07-31,3779.10163002
2019-08-31,3759.94627395
2019-09-30,3857.71519349
2019-10-31,4019.82273651
2019-11-30,4052.87530118
2019-12-31,4165.59072999
2020-01-31,4151.63007457
2020-02-29,4158.63729415
2020-03-31,5254.27754337
2020-04-30,6655.92906199
2020-05-31,7097.31609233
2020-06-30,7082.30191955
2020-07-31,6949.03242347
2020-08-31,6990.41776357
2020-09-30,7056.12869207
2020-10-31,7146.30555834
2020-11-30,7216.48040048
2020-12-31,7363.35105708
2021-01-31,7404.92642803
2021-02-28,7590.11137144
2021-03-31,7688.98828699
2021-04-30,7780.96159586
2021-05-31,7903.54136803
2021-06-30,8078.54399044
2021-07-31,8221.47338128
2021-08-31,8332.74287871
2021-09-30,8447.98088068
2021-10-31,8556.18067609
2021-11-30,8681.77095825
2021-12-31,8757.45977865
2022-01-31,8860.4851512
2022-02-28,8928.12865293
2022-03-31,8937.14245007
2022-04-30,8939.19874318
2022-05-31,8914.28129938
2022-06-30,8913.55314695
2022-07-31,8890.00393592
2022-08-31,8826.09288985
2022-09-30,8795.5671731
2022-10-31,8723.09007256
2022-11-30,8584.57630532
2022-12-31,8551.16891225
2023-01-31,8470.55678069
2023-02-28,8382.18971663
2023-03-31,8705.9417338
2023-04-30,8562.76781006
2023-05-31,8385.85386725
2023-06-30,8340.91394329
2023-07-31,8243.34442228
2023-08-31,8121.31577146
2023-09-30,8002.06367481
2023-10-31,7907.82993566
2023-11-30,7796.14469779
2023-12-31,7712.7814851
