DATE,Industrial_Production
2000-01-31,91.4092
2000-02-29,91.7245
2000-03-31,92.083
2000-04-30,92.6659
2000-05-31,92.9347
2000-06-30,93.0018
2000-07-31,92.8373
2000-08-31,92.591
2000-09-30,92.9827
2000-10-31,92.64
2000-11-30,92.6604
2000-12-31,92.3457
2001-01-31,91.8908
2001-02-28,91.2851
2001-03-31,91.0585
2001-04-30,90.7384
2001-05-31,90.2607
2001-06-30,89.7811
2001-07-31,89.2352
2001-08-31,89.157
2001-09-30,88.6749
2001-10-31,88.4051
2001-11-30,87.886
2001-12-31,87.8518
2002-01-31,88.4634
2002-02-28,88.4578
2002-03-31,89.1265
2002-04-30,89.5507
2002-05-31,89.9348
2002-06-30,90.6736
2002-07-31,90.6436
2002-08-31,90.5505
2002-09-30,90.6373
2002-10-31,90.3988
2002-11-30,90.8947
2002-12-31,90.3906
2003-01-31,91.1369
2003-02-28,91.2505
2003-03-31,91.0006
2003-04-30,90.4311
2003-05-31,90.4
2003-06-30,90.5196
2003-07-31,90.9869
2003-08-31,90.7933
2003-09-30,91.3819
2003-10-31,91.5049
2003-11-30,92.1265
2003-12-31,92.1732
2004-01-31,92.3268
2004-02-29,92.8995
2004-03-31,92.5368
2004-04-30,92.8957
2004-05-31,93.5845
2004-06-30,92.8651
2004-07-31,93.5502
2004-08-31,93.6301
2004-09-30,93.7353
2004-10-31,94.5695
2004-11-30,94.8015
2004-12-31,95.5415
2005-01-31,95.8785
2005-02-28,96.5709
2005-03-31,96.4345
2005-04-30,96.6347
2005-05-31,96.7251
2005-06-30,97.1483
2005-07-31,96.8397
2005-08-31,97.1584
2005-09-30,95.2764
2005-10-31,96.4411
2005-11-30,97.5016
2005-12-31,97.9723
2006-01-31,98.127
2006-02-28,98.1687
2006-03-31,98.3913
2006-04-30,98.6826
2006-05-31,98.7074
2006-06-30,99.0398
2006-07-31,98.9751
2006-08-31,99.4047
2006-09-30,99.2246
2006-10-31,99.1229
2006-11-30,99.0963
2006-12-31,100.1125
2007-01-31,99.7546
2007-02-28,100.7166
2007-03-31,100.8952
2007-04-30,101.5723
2007-05-31,101.6269
2007-06-30,101.6547
2007-07-31,101.4953
2007-08-31,101.6943
2007-09-30,101.9428
2007-10-31,101.6446
2007-11-30,102.2167
2007-12-31,102.2764
2008-01-31,102.1493
2008-02-29,101.7756
2008-03-31,101.4508
2008-04-30,100.7554
2008-05-31,100.1336
2008-06-30,99.8728
2008-07-31,99.4194
2008-08-31,97.8491
2008-09-30,93.5576
2008-10-31,94.4985
2008-11-30,93.2617
2008-12-31,90.6266
2009-01-31,88.3712
2009-02-28,87.843
2009-03-31,86.4689
2009-04-30,85.7903
2009-05-31,84.9436
2009-06-30,84.6746
2009-07-31,85.6853
2009-08-31,86.6393
2009-09-30,87.3821
2009-10-31,87.5809
2009-11-30,87.9388
2009-12-31,88.2404
2010-01-31,89.1897
2010-02-28,89.5046
2010-03-31,90.1356
2010-04-30,90.4607
2010-05-31,91.7014
2010-06-30,91.9033
2010-07-31,92.2549
2010-08-31,92.5936
2010-09-30,92.8533
2010-10-31,92.6033
2010-11-30,92.6686
2010-12-31,93.5916
2011-01-31,93.3889
2011-02-28,93.0045
2011-03-31,93.9684
2011-04-30,93.6571
2011-05-31,93.7723
2011-06-30,94.0493
2011-07-31,94.4958
2011-08-31,95.0974
2011-09-30,95.0244
2011-10-31,95.6891
2011-11-30,95.6778
2011-12-31,96.1809
2012-01-31,96.7595
2012-02-29,97.0662
2012-03-31,96.5609
2012-04-30,97.251
2012-05-31,97.4595
2012-06-30,97.4768
2012-07-31,97.6714
2012-08-31,97.2734
2012-09-30,97.2217
2012-10-31,97.5311
2012-11-30,97.9084
2012-12-31,98.1884
2013-01-31,98.1736
2013-02-28,98.6434
2013-03-31,99.047
2013-04-30,98.9445
2013-05-31,99.0383
2013-06-30,99.2221
2013-07-31,98.8987
2013-08-31,99.4897
2013-09-30,100.021
2013-10-31,99.9037
2013-11-30,100.1582
2013-12-31,100.374
2014-01-31,99.9899
2014-02-28,100.7471
2014-03-31,101.7435
2014-04-30,101.8273
2014-05-31,102.2392
2014-06-30,102.5774
2014-07-31,102.7954
2014-08-31,102.6322
2014-09-30,102.9417
2014-10-31,102.9611
2014-11-30,103.5978
2014-12-31,103.6151
2015-01-31,102.7923
2015-02-28,102.1366
2015-03-31,101.7869
2015-04-30,101.2255
2015-05-31,100.7675
2015-06-30,100.4588
2015-07-31,101.0893
2015-08-31,100.9165
2015-09-30,100.633
2015-10-31,100.1563
2015-11-30,99.4366
2015-12-31,98.9471
2016-01-31,99.4391
2016-02-29,98.9232
2016-03-31,98.1635
2016-04-30,98.4775
2016-05-31,98.2549
2016-06-30,98.7315
2016-07-31,98.8452
2016-08-31,98.7427
2016-09-30,98.6552
2016-10-31,98.7237
2016-11-30,98.3443
2016-12-31,99.0406
2017-01-31,98.8158
2017-02-28,98.4356
2017-03-31,99.0492
2017-04-30,100.0416
2017-05-31,100.128
2017-06-30,100.337
2017-07-31,100.0865
2017-08-31,99.6323
2017-09-30,99.7482
2017-10-31,100.9893
2017-11-30,101.2493
2017-12-31,101.4871
2018-01-31,101.4852
2018-02-28,101.7319
2018-03-31,102.1943
2018-04-30,103.3551
2018-05-31,102.381
2018-06-30,103.2256
2018-07-31,103.3561
2018-08-31,104.0585
2018-09-30,104.1038
2018-10-31,103.9297
2018-11-30,104.0126
2018-12-31,104.0451
2019-01-31,103.3598
2019-02-28,102.8251
2019-03-31,102.8361
2019-04-30,102.2748
2019-05-31,102.4176
2019-06-30,102.5425
2019-07-31,102.0057
2019-08-31,102.7814
2019-09-30,102.4601
2019-10-31,101.5878
2019-11-30,102.1494
2019-12-31,101.9421
2020-01-31,101.3372
2020-02-29,101.6718
2020-03-31,97.606
2020-04-30,84.6812
2020-05-31,86.0108
2020-06-30,91.6745
2020-07-31,95.0037
2020-08-31,95.9294
2020-09-30,95.8914
2020-10-31,96.5256
2020-11-30,96.9529
2020-12-31,98.2039
2021-01-31,98.8135
2021-02-28,95.5072
2021-03-31,98.1929
2021-04-30,98.3317
2021-05-31,99.1867
2021-06-30,99.6483
2021-07-31,100.0668
2021-08-31,100.0412
2021-09-30,98.9955
2021-10-31,100.3542
2021-11-30,101.2684
2021-12-31,101.1948
2022-01-31,101.2146
2022-02-28,101.8458
2022-03-31,102.6732
2022-04-30,102.9024
2022-05-31,102.9659
2022-06-30,102.8224
2022-07-31,103.0505
2022-08-31,103.1703
2022-09-30,103.5326
2022-10-31,103.4442
2022-11-30,103.1058
2022-12-31,101.8266
2023-01-31,102.7476
2023-02-28,102.8003
2023-03-31,102.8143
2023-04-30,103.2241
2023-05-31,102.9809
2023-06-30,102.3809
2023-07-31,103.0722
2023-08-31,103.0951
2023-09-30,103.3081
2023-10-31,102.5781
2023-11-30,102.8868
2023-12-31,102.6309
