DATE,Real_GDP
2000-01-31,
2000-02-29,
2000-03-31,14130.908
2000-04-30,14135.709333333332
2000-05-31,14140.510666666669
2000-06-30,14145.312
2000-07-31,14173.463
2000-08-31,14201.614
2000-09-30,14229.765
2000-10-31,14214.216666666667
2000-11-30,14198.668333333331
2000-12-31,14183.12
2001-01-31,14212.644666666669
2001-02-28,14242.169333333331
2001-03-31,14271.694
2001-04-30,14252.634666666669
2001-05-31,14233.575333333332
2001-06-30,14214.516
2001-07-31,14227.535333333331
2001-08-31,14240.554666666669
2001-09-30,14253.574
2001-10-31,14293.311
2001-11-30,14333.048
2001-12-31,14372.785
2002-01-31,14402.139333333333
2002-02-28,14431.493666666667
2002-03-31,14460.848
2002-04-30,14480.443
2002-05-31,14500.038
2002-06-30,14519.633
2002-07-31,14525.615333333331
2002-08-31,14531.597666666668
2002-09-30,14537.58
2002-10-31,14563.100333333334
2002-11-30,14588.620666666666
2002-12-31,14614.141
2003-01-31,14657.283
2003-02-28,14700.425
2003-03-31,14743.567
2003-04-30,14825.305333333332
2003-05-31,14907.043666666666
2003-06-30,14988.782
2003-07-31,15046.774666666666
2003-08-31,15104.767333333331
2003-09-30,15162.76
2003-10-31,15191.4
2003-11-30,15220.04
2003-12-31,15248.68
2004-01-31,15288.07
2004-02-29,15327.46
2004-03-31,15366.85
2004-04-30,15415.439666666667
2004-05-31,15464.029333333334
2004-06-30,15512.619
2004-07-31,15565.372666666666
2004-08-31,15618.126333333334
2004-09-30,15670.88
2004-10-31,15728.829
2004-11-30,15786.778
2004-12-31,15844.727
2005-01-31,15870.745333333334
2005-02-28,15896.763666666666
2005-03-31,15922.782
2005-04-30,15964.383666666668
2005-05-31,16005.985333333332
2005-06-30,16047.587
2005-07-31,16077.302666666666
2005-08-31,16107.018333333332
2005-09-30,16136.734
2005-10-31,16209.101
2005-11-30,16281.468
2005-12-31,16353.835
2006-01-31,16367.940333333334
2006-02-28,16382.045666666669
2006-03-31,16396.151
2006-04-30,16404.346666666668
2006-05-31,16412.542333333335
2006-06-30,16420.738
2006-07-31,16467.78066666667
2006-08-31,16514.823333333334
2006-09-30,16561.866
2006-10-31,16578.474000000002
2006-11-30,16595.082
2006-12-31,16611.69
2007-01-31,16645.564666666665
2007-02-28,16679.439333333332
2007-03-31,16713.314
2007-04-30,16745.405
2007-05-31,16777.496
2007-06-30,16809.587
2007-07-31,16844.788333333334
2007-08-31,16879.989666666665
2007-09-30,16915.191
2007-10-31,16891.128333333334
2007-11-30,16867.065666666665
2007-12-31,16843.003
2008-01-31,16876.432333333334
2008-02-29,16909.861666666668
2008-03-31,16943.291
2008-04-30,16913.625666666667
2008-05-31,16883.960333333333
2008-06-30,16854.295
2008-07-31,16731.31333333333
2008-08-31,16608.331666666665
2008-09-30,16485.35
2008-10-31,16422.98733333333
2008-11-30,16360.624666666668
2008-12-31,16298.262
2009-01-31,16288.556333333334
2009-02-28,16278.850666666667
2009-03-31,16269.145
2009-04-30,16288.190333333334
2009-05-31,16307.235666666667
2009-06-30,16326.281
2009-07-31,16385.105333333333
2009-08-31,16443.929666666667
2009-09-30,16502.754
2009-10-31,16529.406
2009-11-30,16556.058
2009-12-31,16582.71
2010-01-31,16636.194
2010-02-28,16689.678
2010-03-31,16743.162
2010-04-30,16786.196666666667
2010-05-31,16829.231333333333
2010-06-30,16872.266
2010-07-31,16901.798666666666
2010-08-31,16931.331333333335
2010-09-30,16960.864
2010-10-31,16947.453333333335
2010-11-30,16934.042666666668
2010-12-31,16920.632
2011-01-31,16958.792666666668
2011-02-28,16996.953333333335
2011-03-31,17035.114
2011-04-30,17033.847
2011-05-31,17032.579999999998
2011-06-30,17031.313
2011-07-31,17095.069666666666
2011-08-31,17158.82633333333
2011-09-30,17222.583
2011-10-31,17270.725333333332
2011-11-30,17318.867666666665
2011-12-31,17367.01
2012-01-31,17392.84833333333
2012-02-29,17418.68666666667
2012-03-31,17444.525
2012-04-30,17452.9
2012-05-31,17461.275
2012-06-30,17469.65
2012-07-31,17476.384000000002
2012-08-31,17483.118
2012-09-30,17489.852
2012-10-31,17547.368
2012-11-30,17604.884000000002
2012-12-31,17662.4
2013-01-31,17678.157
2013-02-28,17693.914
2013-03-31,17709.671
2013-04-30,17759.930666666667
2013-05-31,17810.190333333332
2013-06-30,17860.45
2013-07-31,17912.349000000002
2013-08-31,17964.248
2013-09-30,18016.147
2013-10-31,17995.422666666665
2013-11-30,17974.698333333334
2013-12-31,17953.974
2014-01-31,18031.286333333333
2014-02-28,18108.598666666665
2014-03-31,18185.911
2014-04-30,18259.587666666663
2014-05-31,18333.264333333333
2014-06-30,18406.941
2014-07-31,18437.971
2014-08-31,18469.001
2014-09-30,18500.031
2014-10-31,18555.561
2014-11-30,18611.091
2014-12-31,18666.621
2015-01-31,18705.161666666667
2015-02-28,18743.70233333333
2015-03-31,18782.243
2015-04-30,18807.301333333333
2015-05-31,18832.359666666667
2015-06-30,18857.418
2015-07-31,18869.014
2015-08-31,18880.61
2015-09-30,18892.206
2015-10-31,18928.700666666664
2015-11-30,18965.195333333333
2015-12-31,19001.69
2016-01-31,19022.029666666665
2016-02-29,19042.36933333333
2016-03-31,19062.709
2016-04-30,19107.785333333333
2016-05-31,19152.861666666664
2016-06-30,19197.938
2016-07-31,19233.409333333333
2016-08-31,19268.880666666664
2016-09-30,19304.352
2016-10-31,19335.68233333333
2016-11-30,19367.012666666666
2016-12-31,19398.343
2017-01-31,19434.545
2017-02-28,19470.747
2017-03-31,19506.949
2017-04-30,19558.22133333333
2017-05-31,19609.493666666665
2017-06-30,19660.766
2017-07-31,19734.628
2017-08-31,19808.49
2017-09-30,19882.352
2017-10-31,19936.26033333333
2017-11-30,19990.16866666667
2017-12-31,20044.077
2018-01-31,20079.54333333333
2018-02-28,20115.009666666665
2018-03-31,20150.476
2018-04-30,20192.368666666665
2018-05-31,20234.26133333333
2018-06-30,20276.154
2018-07-31,20285.72733333333
2018-08-31,20295.300666666662
2018-09-30,20304.874
2018-10-31,20347.129666666668
2018-11-30,20389.38533333333
2018-12-31,20431.641
2019-01-31,20488.519
2019-02-28,20545.397
2019-03-31,20602.275
2019-04-30,20682.624
2019-05-31,20762.973
2019-06-30,20843.322
2019-07-31,20890.697333333334
2019-08-31,20938.072666666667
2019-09-30,20985.448
2019-10-31,20888.04466666667
2019-11-30,20790.641333333333
2019-12-31,20693.238
2020-01-31,20147.697666666667
2020-02-29,19602.157333333333
2020-03-31,19056.617
2020-04-30,19554.009
2020-05-31,20051.401
2020-06-30,20548.793
2020-07-31,20623.09233333333
2020-08-31,20697.391666666663
2020-09-30,20771.691
2020-10-31,20867.253666666667
2020-11-30,20962.81633333333
2020-12-31,21058.379
2021-01-31,21168.587666666663
2021-02-28,21278.796333333332
2021-03-31,21389.005
2021-04-30,21449.81033333333
2021-05-31,21510.615666666665
2021-06-30,21571.421
2021-07-31,21701.076666666664
2021-08-31,21830.732333333333
2021-09-30,21960.388
2021-10-31,21941.542
2021-11-30,21922.696
2021-12-31,21903.85
2022-01-31,21908.974
2022-02-28,21914.098
2022-03-31,21919.222
2022-04-30,21968.409333333333
2022-05-31,22017.596666666668
2022-06-30,22066.784
2022-07-31,22127.675666666662
2022-08-31,22188.56733333333
2022-09-30,22249.459
2022-10-31,22300.784333333333
2022-11-30,22352.109666666667
2022-12-31,22403.435
2023-01-31,22448.76266666667
2023-02-28,22494.090333333334
2023-03-31,22539.418
2023-04-30,22619.923000000003
2023-05-31,22700.428
2023-06-30,22780.933
2023-07-31,22840.822
2023-08-31,22900.711
2023-09-30,22960.6
2023-10-31,22960.6
2023-11-30,22960.6
2023-12-31,22960.6
